ResponseId,scenario,scenario_check,decline_difficulty,private_benefit,participant_benefit,public_benefit,disproportionality,sensitivity,risk_of_harm,trust,security,ongoing_control,respect_for_privacy,is_acceptable,age,gender,rel_to_unimelb,education
R_DAgQRL1ApfvmeU9,4,4,0,4,5,5,1,4,4,3,2,1,2,1,30,1,2,7
R_DAgQRL1ApfvmeU9,6,6,5,5,4,5,1,3,1,3,2,0,3,1,30,1,2,7
R_DAgQRL1ApfvmeU9,7,7,0,5,2,1,2,4,1,1,2,1,2,1,30,1,2,7
R_2fDakQej0c4fSfP,2,2,1,3,3,2,2,3,3,1,2,4,2,1,22,2,6,6
R_2fDakQej0c4fSfP,5,5,4,2,4,3,3,4,1,2,1,1,1,0,22,2,6,6
R_2fDakQej0c4fSfP,8,8,2,5,1,4,1,1,4,0,4,0,3,0,22,2,6,6
R_2Uc4dZyvL5QYs6l,9,9,5,3,4,4,1,4,2,4,3,0,4,1,36,2,2,7
R_2Uc4dZyvL5QYs6l,10,10,5,4,2,1,3,4,3,3,3,0,2,0,36,2,2,7
R_2Uc4dZyvL5QYs6l,11,11,3,2,4,2,2,3,2,3,3,2,2,1,36,2,2,7
R_23lU3NwYqk1SkMx,2,2,0,1,2,3,2,3,0,2,3,3,4,1,23,2,2,6
R_23lU3NwYqk1SkMx,6,6,3,1,4,2,3,3,0,4,3,1,3,1,23,2,2,6
R_23lU3NwYqk1SkMx,7,7,0,4,3,4,3,4,0,1,3,3,4,1,23,2,2,6
R_yI6ZXTL2k55wXsd,3,3,5,2,4,5,4,2,1,5,4,1,2,1,24,1,2,7
R_yI6ZXTL2k55wXsd,8,8,3,4,3,2,2,4,1,3,4,1,2,0,24,1,2,7
R_yI6ZXTL2k55wXsd,9,9,2,3,1,4,2,5,3,4,4,1,2,0,24,1,2,7
R_D2H6IkwS1SXq3ND,4,4,1,3,4,3,3,3,3,1,1,2,1,1,22,2,3,6
R_D2H6IkwS1SXq3ND,5,5,2,1,3,3,1,4,2,3,4,2,4,1,22,2,3,6
R_D2H6IkwS1SXq3ND,11,11,4,1,2,3,2,2,0,2,2,2,2,1,22,2,3,6
R_1cUlMRQRztQnYvc,1,1,4,3,4,4,1,4,2,2,2,3,3,1,24,2,3,6
R_1cUlMRQRztQnYvc,7,7,0,4,3,3,4,4,1,2,3,2,3,0,24,2,3,6
R_1cUlMRQRztQnYvc,10,10,4,3,4,5,4,2,1,3,2,1,2,1,24,2,3,6
R_3lsn5lhURNT9XFx,1,1,0,2,3,4,1,4,2,3,4,4,4,1,49,1,2,8
R_3lsn5lhURNT9XFx,3,3,4,4,3,3,2,1,1,3,4,1,4,1,49,1,2,8
R_3lsn5lhURNT9XFx,4,4,0,1,4,3,3,5,5,3,2,4,4,1,49,1,2,8
R_31SeyM8LekEg78H,7,7,1,4,1,2,4,4,4,1,1,1,1,0,27,1,2,9
R_31SeyM8LekEg78H,10,10,2,1,5,4,3,3,3,3,2,3,2,1,27,1,2,9
R_31SeyM8LekEg78H,11,11,3,1,3,1,4,5,1,4,4,3,4,1,27,1,2,9
R_1NDOS9AooQOjRQq,2,2,5,3,2,2,3,1,1,2,3,0,2,1,53,1,3,10
R_1NDOS9AooQOjRQq,3,3,5,3,2,2,3,1,1,2,2,1,1,1,53,1,3,10
R_1NDOS9AooQOjRQq,8,3,5,3,2,2,3,1,1,2,4,0,2,1,53,1,3,10
R_3EAc9GkGIWfEsEU,3,3,3,2,1,1,3,3,2,2,1,0,2,0,48,1,3,10
R_3EAc9GkGIWfEsEU,4,4,0,1,3,3,3,4,4,2,0,0,1,0,48,1,3,10
R_3EAc9GkGIWfEsEU,9,9,5,2,1,2,4,5,4,1,1,0,0,0,48,1,3,10
R_2y7qmvH4vwidWBv,3,3,3,2,2,0,2,3,2,3,2,3,3,1,26,2,2,6
R_2y7qmvH4vwidWBv,6,6,5,2,3,3,3,3,3,2,1,0,0,0,26,2,2,6
R_2y7qmvH4vwidWBv,10,10,5,3,4,0,1,3,1,3,3,0,0,1,26,2,2,6
R_11hKT34n0PaF6ol,1,1,2,4,4,3,2,5,4,4,4,0,3,1,39,2,3,10
R_11hKT34n0PaF6ol,2,2,1,1,0,5,0,5,3,5,2,5,4,1,39,2,3,10
R_11hKT34n0PaF6ol,7,7,2,5,0,0,2,5,4,1,4,0,2,1,39,2,3,10
R_1LNJMSB4BgnMJ50,7,7,0,5,5,1,4,3,3,3,4,4,4,1,28,1,4,8
R_1LNJMSB4BgnMJ50,8,8,5,3,2,4,2,1,1,3,4,0,4,1,28,1,4,8
R_1LNJMSB4BgnMJ50,11,11,3,0,0,0,5,4,5,3,1,2,1,0,28,1,4,8
R_0xfGdDDmZJEIeD7,1,1,3,4,2,2,3,4,3,3,3,1,3,1,50,1,3,8
R_0xfGdDDmZJEIeD7,9,9,1,3,4,5,1,3,1,4,4,2,4,1,50,1,3,8
R_0xfGdDDmZJEIeD7,10,10,1,4,3,2,3,1,1,2,3,1,3,1,50,1,3,8
R_83850LdN0ymEoUx,3,3,3,4,4,3,4,1,1,2,4,2,2,1,30,1,2,8
R_83850LdN0ymEoUx,5,5,2,3,4,4,3,1,1,2,4,2,3,1,30,1,2,8
R_83850LdN0ymEoUx,8,7,2,3,3,3,3,1,1,2,4,1,3,1,30,1,2,8
R_2uyQrKksWxCcdUU,1,6,2,2,2,4,2,2,2,3,2,2,2,1,29,1,2,8
R_2uyQrKksWxCcdUU,6,9,3,1,2,3,2,3,3,2,3,2,3,0,29,1,2,8
R_2uyQrKksWxCcdUU,7,7,3,3,1,2,3,3,3,2,3,1,2,1,29,1,2,8
R_2c02akATF1MKakZ,5,5,0,2,4,1,3,5,3,5,4,0,4,1,27,2,2,8
R_2c02akATF1MKakZ,6,6,3,5,4,5,2,3,0,4,2,0,2,1,27,2,2,8
R_2c02akATF1MKakZ,10,10,5,4,4,4,3,2,2,3,4,0,4,1,27,2,2,8
R_bplkXM76q1aDVEl,4,4,1,1,3,4,1,3,3,3,3,3,4,1,28,1,2,6
R_bplkXM76q1aDVEl,7,7,2,2,3,3,1,3,2,2,2,2,3,0,28,1,2,6
R_bplkXM76q1aDVEl,11,11,0,0,4,2,0,1,0,3,2,5,5,1,28,1,2,6
R_3szcSjDXik7iXLX,3,3,5,4,5,3,3,2,1,4,3,3,3,1,20,1,1,2
R_3szcSjDXik7iXLX,9,9,1,3,5,5,5,5,5,1,3,1,3,0,20,1,1,2
R_3szcSjDXik7iXLX,10,10,4,5,4,5,2,3,2,4,2,3,4,1,20,1,1,2
R_3ssmdunJ8O3sehb,1,1,4,2,5,2,4,4,4,2,2,1,2,0,20,2,1,2
R_3ssmdunJ8O3sehb,2,2,1,5,4,5,3,3,3,2,4,1,4,1,20,2,1,2
R_3ssmdunJ8O3sehb,5,5,4,5,2,3,5,5,5,2,2,1,1,0,20,2,1,2
R_2wLz2zyltvuO2ar,6,6,3,3,4,4,2,3,3,3,3,1,2,1,62,1,3,10
R_2wLz2zyltvuO2ar,7,7,1,4,2,1,3,3,2,2,2,3,3,0,62,1,3,10
R_2wLz2zyltvuO2ar,8,8,2,4,2,1,3,2,2,2,2,2,2,0,62,1,3,10
R_3h0mqFX78y4rjRD,2,2,3,3,2,4,2,4,2,3,3,1,3,1,23,1,1,2
R_3h0mqFX78y4rjRD,3,3,3,2,1,3,1,2,1,3,3,1,4,1,23,1,1,2
R_3h0mqFX78y4rjRD,11,11,1,5,4,4,3,5,4,2,1,0,2,0,23,1,1,2
R_3Jw4DBbn0BRDO33,1,1,1,4,4,3,2,3,2,4,4,4,4,1,18,2,1,2
R_3Jw4DBbn0BRDO33,5,5,2,3,3,3,2,4,2,4,4,3,4,1,18,2,1,2
R_3Jw4DBbn0BRDO33,8,8,4,2,1,4,1,1,0,4,2,0,1,1,18,2,1,2
R_O3iyvEotcR0LtLP,4,4,1,4,5,3,3,3,1,1,4,4,4,1,26,1,2,7
R_O3iyvEotcR0LtLP,9,9,4,1,4,5,1,3,1,4,3,1,4,1,26,1,2,7
R_O3iyvEotcR0LtLP,10,10,4,3,3,4,1,3,1,4,3,1,4,1,26,1,2,7
R_bCNE2SLJeVwGnex,2,2,1,5,1,1,1,5,3,1,1,1,1,0,26,2,2,6
R_bCNE2SLJeVwGnex,4,4,1,5,3,3,1,5,5,1,1,1,1,0,26,2,2,6
R_bCNE2SLJeVwGnex,5,5,1,5,3,3,1,5,4,1,1,1,1,0,26,2,2,6
R_1ODczsOoWjALnPh,1,1,0,0,5,2,3,5,5,2,0,0,1,1,23,1,2,6
R_1ODczsOoWjALnPh,3,3,0,2,4,3,2,1,0,2,3,0,1,1,23,1,2,6
R_1ODczsOoWjALnPh,6,6,0,3,5,5,0,1,0,4,4,0,3,1,23,1,2,6
R_3lXQiIcAZNX1QCk,7,7,0,3,3,2,3,4,0,3,4,3,1,0,25,2,2,6
R_3lXQiIcAZNX1QCk,10,10,5,2,4,2,1,3,0,3,4,0,1,0,25,2,2,6
R_3lXQiIcAZNX1QCk,11,11,5,1,5,0,1,3,0,3,2,0,1,0,25,2,2,6
R_1DTHO9Gam7FuleX,2,2,2,4,4,5,4,5,1,3,3,4,5,1,32,1,2,7
R_1DTHO9Gam7FuleX,3,3,4,5,5,2,2,4,1,5,3,3,5,1,32,1,2,7
R_1DTHO9Gam7FuleX,6,6,4,5,5,2,4,3,1,5,3,3,5,1,32,1,2,7
R_1o8aYfvfQSpy96x,4,4,0,3,4,1,3,5,5,3,2,2,2,0,33,1,2,8
R_1o8aYfvfQSpy96x,5,5,0,3,2,2,5,5,4,1,1,1,1,0,33,1,2,8
R_1o8aYfvfQSpy96x,9,9,2,5,1,4,5,5,2,1,2,0,3,0,33,1,2,8
R_3FILQ6RLBThLt4C,4,4,0,3,4,3,3,5,4,2,3,2,3,1,20,1,1,2
R_3FILQ6RLBThLt4C,7,7,0,5,5,2,5,5,2,4,2,0,1,0,20,1,1,2
R_3FILQ6RLBThLt4C,11,11,2,0,2,2,3,5,0,5,5,1,4,0,20,1,1,2
R_2PjIFwB77iXbhhL,1,1,2,1,4,2,1,2,1,4,4,4,4,1,33,2,2,6
R_2PjIFwB77iXbhhL,2,2,2,1,4,2,4,4,3,4,4,2,4,1,33,2,2,6
R_2PjIFwB77iXbhhL,6,6,4,4,4,5,4,3,1,2,4,4,3,1,33,2,2,6
R_3plMG42gfiebCZf,3,3,0,4,4,3,0,2,1,4,5,5,5,1,19,1,1,4
R_3plMG42gfiebCZf,5,5,5,3,2,3,4,5,2,3,3,0,5,0,19,1,1,4
R_3plMG42gfiebCZf,8,8,3,5,5,5,0,0,0,2,2,0,3,1,19,1,1,4
R_wRFEqLRpANiMOzL,4,4,0,4,4,2,3,4,4,1,1,2,1,0,20,1,1,5
R_wRFEqLRpANiMOzL,6,6,5,4,2,2,5,2,2,2,2,0,2,0,20,1,1,5
R_wRFEqLRpANiMOzL,9,9,4,1,2,4,2,5,3,4,4,1,4,1,20,1,1,5
R_2UeYQDVniIMZNZ9,5,5,0,1,4,2,4,5,4,5,2,1,2,1,22,1,2,6
R_2UeYQDVniIMZNZ9,7,7,0,4,2,1,1,2,1,3,5,2,4,1,22,1,2,6
R_2UeYQDVniIMZNZ9,11,11,3,0,3,0,2,3,2,5,2,1,3,1,22,1,2,6
R_1mzuew13ZvxpYHk,1,1,5,3,3,3,3,4,2,0,0,0,0,0,40,1,3,8
R_1mzuew13ZvxpYHk,2,2,1,1,0,4,2,4,1,2,1,4,2,1,40,1,3,8
R_1mzuew13ZvxpYHk,3,3,4,4,2,2,3,3,1,1,4,3,1,0,40,1,3,8
R_2dWp9cxxfWbn6eG,7,7,0,4,2,1,4,4,2,0,3,0,3,0,17,2,1,5
R_2dWp9cxxfWbn6eG,8,8,1,2,3,0,1,1,0,1,3,0,4,1,17,2,1,5
R_2dWp9cxxfWbn6eG,9,9,2,1,4,3,2,2,0,3,3,0,3,1,17,2,1,5
R_3QSL7KqAGb8RYQC,4,4,1,5,5,5,1,2,1,2,3,5,2,0,24,2,1,4
R_3QSL7KqAGb8RYQC,10,10,3,3,3,3,4,2,0,3,3,4,2,0,24,2,1,4
R_3QSL7KqAGb8RYQC,11,11,4,1,2,1,3,1,2,5,5,0,4,1,24,2,1,4
R_3HuJ9qsuXeg8xBy,8,8,3,4,4,3,3,3,0,4,4,3,2,1,29,1,2,9
R_3HuJ9qsuXeg8xBy,10,10,4,4,4,4,1,2,0,4,4,4,2,1,29,1,2,9
R_3HuJ9qsuXeg8xBy,11,11,2,4,4,2,4,5,1,4,3,3,2,1,29,1,2,9
R_2Qmo7pSahg2oaEK,1,1,3,3,3,2,1,3,2,2,4,3,3,1,25,2,2,7
R_2Qmo7pSahg2oaEK,2,2,3,3,1,3,1,2,1,3,3,3,3,1,25,2,2,7
R_2Qmo7pSahg2oaEK,3,3,2,4,2,3,1,1,1,1,4,3,3,1,25,2,2,7
R_t0288HA1AoYGVj3,6,6,5,1,5,5,0,2,0,3,1,0,2,1,18,1,1,2
R_t0288HA1AoYGVj3,7,7,0,5,1,0,2,5,3,1,4,0,1,0,18,1,1,2
R_t0288HA1AoYGVj3,9,9,5,1,5,5,0,4,0,3,4,0,3,1,18,1,1,2
R_3qvTgVwxTZNtaWL,2,2,3,4,2,5,0,4,1,4,3,5,3,0,30,2,2,8
R_3qvTgVwxTZNtaWL,3,3,3,2,1,2,1,1,0,4,3,0,4,1,30,2,2,8
R_3qvTgVwxTZNtaWL,8,8,1,4,1,4,1,0,0,5,4,0,4,1,30,2,2,8
R_Qmm5XKhpJCSNi9z,1,1,1,5,3,0,4,5,4,3,3,3,3,0,25,2,2,6
R_Qmm5XKhpJCSNi9z,4,4,1,2,4,3,4,4,4,4,5,5,4,1,25,2,2,6
R_Qmm5XKhpJCSNi9z,10,10,4,4,3,0,4,3,2,4,4,0,2,1,25,2,2,6
R_3KqGIDWDnNZXgE2,2,1,1,2,2,3,2,1,1,5,4,2,4,1,20,1,1,2
R_3KqGIDWDnNZXgE2,3,3,2,2,2,2,2,1,1,5,4,3,4,1,20,1,1,2
R_3KqGIDWDnNZXgE2,10,5,1,2,2,3,2,1,1,5,4,3,4,1,20,1,1,2
R_21iXYvKjrOVxB3Q,5,5,3,1,4,4,3,5,4,1,2,1,1,0,20,1,1,5
R_21iXYvKjrOVxB3Q,6,6,0,4,3,5,5,1,1,4,4,3,4,1,20,1,1,5
R_21iXYvKjrOVxB3Q,7,7,3,5,2,2,4,4,2,1,3,3,2,0,20,1,1,5
R_b2d3uvudAConGWR,1,1,1,4,2,4,4,4,3,3,2,2,3,1,31,1,2,6
R_b2d3uvudAConGWR,8,8,3,4,2,5,2,2,1,4,4,2,4,1,31,1,2,6
R_b2d3uvudAConGWR,10,10,3,4,2,5,2,3,2,4,3,3,4,1,31,1,2,6
R_3qZHuwoFI4KClMA,4,4,2,5,4,5,4,1,0,4,5,4,5,1,25,2,2,7
R_3qZHuwoFI4KClMA,5,5,3,4,3,5,4,1,0,4,5,5,5,1,25,2,2,7
R_3qZHuwoFI4KClMA,6,6,2,4,3,5,5,0,0,4,5,4,5,1,25,2,2,7
R_2V9O7ELKidvoYjl,5,5,0,0,5,1,3,5,1,5,5,2,2,1,23,2,2,6
R_2V9O7ELKidvoYjl,7,7,0,5,3,0,1,4,0,0,5,1,2,0,23,2,2,6
R_2V9O7ELKidvoYjl,9,9,5,0,2,5,0,5,0,5,5,0,0,1,23,2,2,6
R_WrfCEM1JvSbXd7P,2,2,0,5,2,4,3,5,5,0,0,2,1,1,NA,2,1,2
R_WrfCEM1JvSbXd7P,3,3,5,5,5,4,3,3,1,3,2,2,2,1,NA,2,1,2
R_WrfCEM1JvSbXd7P,4,4,5,5,5,5,3,4,3,4,3,3,2,1,NA,2,1,2
R_3fN9vK386C3MSLu,1,1,2,3,4,1,5,5,1,4,5,5,2,1,30,2,2,6
R_3fN9vK386C3MSLu,6,6,1,2,4,5,2,4,4,4,4,4,2,1,30,2,2,6
R_3fN9vK386C3MSLu,8,7,0,3,3,5,3,3,1,3,5,4,4,1,30,2,2,6
R_2vkukNMjPvyUKPU,2,2,1,1,1,4,2,2,1,4,3,4,3,1,22,1,2,6
R_2vkukNMjPvyUKPU,4,4,2,2,4,2,2,2,1,2,3,3,3,0,22,1,2,6
R_2vkukNMjPvyUKPU,9,9,4,1,2,3,2,2,1,3,3,3,3,1,22,1,2,6
R_BYym0gcvkZtExah,6,6,5,3,4,2,1,3,2,3,0,0,0,0,34,2,4,10
R_BYym0gcvkZtExah,7,7,0,0,0,0,4,5,5,0,3,0,0,0,34,2,4,10
R_BYym0gcvkZtExah,10,10,5,1,1,3,3,2,1,3,4,0,3,0,34,2,4,10
R_1lxIXWTwVgP0iXo,5,5,3,3,2,3,3,3,2,2,2,3,3,1,35,2,4,5
R_1lxIXWTwVgP0iXo,9,9,2,2,3,3,3,3,2,2,2,3,2,1,35,2,4,5
R_1lxIXWTwVgP0iXo,11,11,3,3,4,3,4,3,2,3,2,2,3,1,35,2,4,5
R_1IjcwFyDcHqKNtx,3,3,3,3,1,2,1,3,2,2,2,2,2,0,26,2,4,7
R_1IjcwFyDcHqKNtx,5,5,1,1,3,5,4,4,4,3,5,5,1,1,26,2,4,7
R_1IjcwFyDcHqKNtx,8,8,4,3,1,1,3,3,3,4,5,1,1,1,26,2,4,7
R_231NiWZeQ0xKDRN,1,1,3,5,1,1,3,5,4,1,4,0,0,0,41,2,4,8
R_231NiWZeQ0xKDRN,4,4,1,5,4,2,3,4,4,4,3,0,3,1,41,2,4,8
R_231NiWZeQ0xKDRN,11,11,4,1,1,4,3,5,1,4,2,2,4,1,41,2,4,8
R_3Dpswezu40hHa5S,5,5,0,0,1,1,0,5,2,4,4,1,5,1,45,2,4,4
R_3Dpswezu40hHa5S,6,6,5,3,5,3,0,3,2,2,2,0,2,1,45,2,4,4
R_3Dpswezu40hHa5S,8,8,5,3,5,2,0,1,1,2,4,0,3,1,45,2,4,4
R_2SlgvB30a0CRC14,7,7,1,3,5,2,1,2,2,3,4,3,4,1,26,4,4,6
R_2SlgvB30a0CRC14,8,8,4,5,1,1,4,5,3,3,4,2,2,0,26,4,4,6
R_2SlgvB30a0CRC14,11,11,5,5,1,2,5,5,4,0,0,0,0,0,26,4,4,6
R_3COAmUcIpKFWrpe,2,2,1,1,1,5,0,1,0,4,3,4,4,1,23,1,2,5
R_3COAmUcIpKFWrpe,3,3,5,4,4,2,1,1,0,3,3,3,3,1,23,1,2,5
R_3COAmUcIpKFWrpe,4,4,1,5,4,3,3,3,2,1,2,0,2,0,23,1,2,5
R_31MdGGRMGAcnViZ,5,5,0,0,3,2,0,3,0,5,5,1,5,1,28,2,2,8
R_31MdGGRMGAcnViZ,8,8,4,5,2,4,3,3,0,3,3,0,5,0,28,2,2,8
R_31MdGGRMGAcnViZ,10,10,5,3,1,3,3,3,0,5,4,0,5,0,28,2,2,8
R_3eyofMSpoLMXNJ3,6,6,5,4,5,5,4,2,2,1,0,0,2,1,32,1,2,8
R_3eyofMSpoLMXNJ3,7,7,0,5,3,0,2,4,2,0,0,0,1,0,32,1,2,8
R_3eyofMSpoLMXNJ3,10,10,5,1,4,1,4,1,1,4,0,0,3,1,32,1,2,8
R_37QLLQTotJz2SAx,1,1,5,1,5,2,1,0,1,5,5,5,4,1,20,2,1,5
R_37QLLQTotJz2SAx,5,5,1,4,5,4,1,5,2,1,2,2,2,1,20,2,1,5
R_37QLLQTotJz2SAx,11,11,3,3,2,2,3,3,3,2,3,1,0,0,20,2,1,5
R_cH0QlvAnneluwcF,2,2,0,1,1,2,1,2,1,4,3,4,3,1,NA,2,2,9
R_cH0QlvAnneluwcF,4,4,0,5,4,4,4,3,3,2,2,1,2,0,NA,2,2,9
R_cH0QlvAnneluwcF,9,9,5,2,3,5,1,1,0,5,4,1,3,1,NA,2,2,9
R_3fMG4199QmNSxOw,1,1,4,4,2,3,2,3,3,2,3,3,2,0,19,2,1,5
R_3fMG4199QmNSxOw,3,3,4,5,3,3,1,1,1,3,5,3,2,1,19,2,1,5
R_3fMG4199QmNSxOw,4,4,3,3,4,3,1,3,5,3,1,1,1,0,19,2,1,5
R_2UgUMKit1FkJnE1,2,2,0,3,1,4,0,0,0,4,4,5,5,1,63,1,3,10
R_2UgUMKit1FkJnE1,3,3,1,3,4,1,0,1,0,3,4,4,5,1,63,1,3,10
R_2UgUMKit1FkJnE1,6,6,5,3,5,4,0,1,0,2,4,1,3,1,63,1,3,10
R_3k4CsjBNdFzqnzY,9,9,2,4,3,3,2,2,1,2,2,1,1,1,21,2,1,2
R_3k4CsjBNdFzqnzY,10,10,2,3,3,3,2,2,1,2,1,2,2,1,21,2,1,2
R_3k4CsjBNdFzqnzY,11,11,1,1,2,1,1,3,1,2,1,3,1,1,21,2,1,2
R_2bJi0tlAgBjnRZQ,2,2,2,3,2,4,2,4,3,2,1,4,2,1,20,1,2,6
R_2bJi0tlAgBjnRZQ,7,7,4,5,4,4,1,1,1,3,4,4,3,1,20,1,2,6
R_2bJi0tlAgBjnRZQ,11,11,3,4,5,2,1,2,1,4,4,4,3,1,20,1,2,6
R_2wLV6bSvVf2TubA,1,1,4,2,4,3,3,3,2,2,3,2,3,1,19,2,1,2
R_2wLV6bSvVf2TubA,4,4,3,4,4,4,1,5,2,3,4,2,3,1,19,2,1,2
R_2wLV6bSvVf2TubA,9,9,2,3,4,4,2,3,3,2,3,2,3,1,19,2,1,2
R_1GPIEpxCdY4JvV7,1,1,1,2,5,4,2,3,3,4,3,1,2,1,29,1,2,7
R_1GPIEpxCdY4JvV7,4,4,1,3,5,4,2,3,3,4,3,1,2,1,29,1,2,7
R_1GPIEpxCdY4JvV7,7,7,1,5,1,1,3,5,3,3,4,1,3,1,29,1,2,7
R_3JI2DencHifgma3,3,3,5,3,1,1,3,4,4,0,2,1,0,0,23,1,2,7
R_3JI2DencHifgma3,10,10,5,1,1,1,4,4,4,0,2,0,0,0,23,1,2,7
R_3JI2DencHifgma3,11,11,5,0,1,0,5,5,5,1,0,0,0,0,23,1,2,7
R_2WYHIDP0KI7mbJn,5,5,4,1,2,3,3,5,4,1,2,0,3,0,20,1,1,2
R_2WYHIDP0KI7mbJn,6,6,2,4,4,5,1,2,2,2,3,0,2,1,20,1,1,2
R_2WYHIDP0KI7mbJn,11,11,3,3,3,2,3,4,3,2,3,2,3,0,20,1,1,2
R_1JUwR9XrdewB8zs,1,1,5,3,0,1,5,5,3,2,2,1,1,0,NA,2,4,8
R_1JUwR9XrdewB8zs,2,2,5,2,0,1,5,5,3,2,2,1,1,1,NA,2,4,8
R_1JUwR9XrdewB8zs,8,8,5,5,0,1,3,2,1,2,2,3,2,0,NA,2,4,8
R_bD9FOlu3dNVDDfX,5,5,3,4,5,5,1,3,2,3,2,5,3,1,19,1,1,2
R_bD9FOlu3dNVDDfX,7,7,4,4,4,5,3,0,0,5,3,3,4,1,19,1,1,2
R_bD9FOlu3dNVDDfX,10,10,5,3,4,4,1,1,0,4,4,3,3,1,19,1,1,2
R_2WC3Oo5n4o9WPg5,8,10,2,4,2,2,3,3,1,2,2,2,2,1,19,2,1,2
R_2WC3Oo5n4o9WPg5,9,9,2,2,2,3,2,2,2,3,2,3,2,1,19,2,1,2
R_2WC3Oo5n4o9WPg5,10,10,3,4,3,1,3,1,2,2,3,2,2,1,19,2,1,2
R_2qrg8K5KR1LCcaP,5,5,1,1,5,3,1,4,2,4,3,1,2,1,24,2,2,7
R_2qrg8K5KR1LCcaP,6,6,1,4,5,5,1,4,4,2,2,1,2,1,24,2,2,7
R_2qrg8K5KR1LCcaP,10,10,1,3,5,5,3,5,4,4,4,1,2,1,24,2,2,7
R_2pSoKRXLi61eGcl,2,2,0,1,2,2,1,4,3,4,4,0,1,0,36,1,2,7
R_2pSoKRXLi61eGcl,6,6,5,5,2,5,4,2,1,3,2,0,4,1,36,1,2,7
R_2pSoKRXLi61eGcl,8,8,3,4,2,3,4,3,1,2,4,0,2,0,36,1,2,7
R_5mQ5x5Rf1GCooNj,5,5,1,5,5,1,5,5,5,1,1,5,3,1,28,4,2,6
R_5mQ5x5Rf1GCooNj,7,7,3,5,1,1,2,5,3,1,1,5,1,0,28,4,2,6
R_5mQ5x5Rf1GCooNj,10,10,2,2,1,3,2,5,2,1,1,5,2,1,28,4,2,6
R_ZrhjhqQ764nprVf,4,4,0,1,4,3,3,4,4,2,2,1,2,0,21,2,1,2
R_ZrhjhqQ764nprVf,9,9,0,2,2,3,3,3,2,3,2,1,3,1,21,2,1,2
R_ZrhjhqQ764nprVf,11,11,3,2,1,3,2,4,2,3,3,3,2,1,21,2,1,2
R_3KvF09fs4unHP9r,1,1,0,0,5,4,5,0,0,5,4,5,5,1,18,2,1,2
R_3KvF09fs4unHP9r,3,3,4,1,5,0,5,0,0,5,3,2,5,1,18,2,1,2
R_3KvF09fs4unHP9r,6,10,2,3,5,5,5,0,0,5,2,3,5,1,18,2,1,2
R_21o0KQsX4G3ezzc,1,1,3,4,3,5,3,5,2,3,3,3,4,1,22,2,2,6
R_21o0KQsX4G3ezzc,7,7,4,4,4,3,2,5,2,3,3,3,4,1,22,2,2,6
R_21o0KQsX4G3ezzc,8,8,4,4,4,5,2,5,3,3,3,3,4,1,22,2,2,6
R_ulH1EZtr8zWJdRf,3,3,1,3,4,3,0,3,1,3,3,3,2,1,19,2,1,5
R_ulH1EZtr8zWJdRf,4,4,0,3,5,3,0,4,3,3,2,3,2,1,19,2,1,5
R_ulH1EZtr8zWJdRf,10,10,2,3,4,4,0,2,1,3,3,3,2,1,19,2,1,5
R_tR4mXjpiBkaHDEt,2,2,1,2,4,5,5,4,4,5,3,5,4,1,31,2,3,NA
R_tR4mXjpiBkaHDEt,5,5,1,2,4,3,5,5,4,3,2,3,2,0,31,2,3,NA
R_tR4mXjpiBkaHDEt,11,11,5,5,2,1,4,4,4,1,1,1,1,0,31,2,3,NA
R_1drSiPYsDTczMWx,3,3,4,3,2,0,2,3,3,4,4,5,4,1,24,2,2,6
R_1drSiPYsDTczMWx,5,5,4,1,2,0,2,5,5,4,4,5,2,0,24,2,2,6
R_1drSiPYsDTczMWx,10,10,4,4,1,2,2,3,3,4,4,5,4,1,24,2,2,6
R_2RX4CUKZVi11GcH,1,1,1,5,1,2,1,4,2,1,4,1,2,1,33,1,3,8
R_2RX4CUKZVi11GcH,2,2,3,1,5,3,5,5,1,3,3,5,3,1,33,1,3,8
R_2RX4CUKZVi11GcH,9,9,4,3,3,5,2,2,1,5,2,1,4,1,33,1,3,8
R_Q0WxTdbNaKDKEeJ,6,6,1,2,3,3,3,1,0,2,4,2,2,1,29,1,2,6
R_Q0WxTdbNaKDKEeJ,8,8,2,3,2,3,2,1,1,2,4,2,2,1,29,1,2,6
R_Q0WxTdbNaKDKEeJ,10,10,2,3,3,4,3,2,1,3,4,2,3,1,29,1,2,6
R_1N3KpOkeL8W9Dhe,2,2,2,3,5,4,1,3,3,3,2,4,2,0,18,2,1,2
R_1N3KpOkeL8W9Dhe,6,6,5,5,5,5,5,1,3,3,5,2,3,1,18,2,1,2
R_1N3KpOkeL8W9Dhe,11,11,3,4,5,2,3,5,5,1,2,4,1,1,18,2,1,2
R_2rGUexpbwFpbn8d,4,4,4,5,5,3,2,3,3,3,3,2,3,1,18,2,1,2
R_2rGUexpbwFpbn8d,8,8,2,3,2,2,3,1,1,2,2,3,2,1,18,2,1,2
R_2rGUexpbwFpbn8d,9,9,1,4,4,5,2,2,3,4,3,2,3,0,18,2,1,2
R_3iI19yggItCVfNg,7,7,1,4,3,3,3,2,3,1,3,4,3,0,21,1,2,6
R_3iI19yggItCVfNg,9,9,1,0,4,4,4,3,3,3,4,3,3,1,21,1,2,6
R_3iI19yggItCVfNg,11,11,4,3,5,1,2,4,1,3,3,4,5,0,21,1,2,6
R_3EGb27gG8vF4y4r,3,3,2,2,2,0,1,0,1,4,3,2,4,1,19,2,1,2
R_3EGb27gG8vF4y4r,4,4,0,3,3,3,1,2,3,4,3,5,4,1,19,2,1,2
R_3EGb27gG8vF4y4r,5,5,0,3,3,3,1,4,2,4,3,5,4,1,19,2,1,2
R_2ZU2wF4zApyVzwm,1,7,2,2,2,2,4,1,1,5,5,2,4,1,33,2,2,8
R_2ZU2wF4zApyVzwm,7,7,3,3,4,2,3,2,1,4,5,2,3,1,33,2,2,8
R_2ZU2wF4zApyVzwm,10,10,3,1,1,3,1,1,1,4,5,2,2,1,33,2,2,8
R_PuPCaG8htBXxLsB,1,1,1,4,3,3,4,3,1,4,3,3,3,1,18,2,1,2
R_PuPCaG8htBXxLsB,8,8,2,4,5,4,4,2,0,4,3,2,3,1,18,2,1,2
R_PuPCaG8htBXxLsB,9,9,2,5,4,4,5,3,1,5,4,2,5,1,18,2,1,2
R_qOrzkfzmREadP4R,6,6,0,5,5,5,3,2,2,4,3,3,3,1,53,2,4,8
R_qOrzkfzmREadP4R,8,8,0,5,5,4,2,0,0,4,3,3,3,1,53,2,4,8
R_qOrzkfzmREadP4R,11,11,0,5,5,2,4,3,3,4,3,3,3,1,53,2,4,8
R_1f74XugXlzgTd6R,3,3,3,2,4,3,0,1,1,0,1,3,2,1,20,2,1,5
R_1f74XugXlzgTd6R,7,7,0,1,1,1,3,3,3,3,3,3,5,0,20,2,1,5
R_1f74XugXlzgTd6R,10,10,3,3,2,3,3,4,3,3,3,0,1,0,20,2,1,5
R_3k1EjZSEMcEesi0,2,2,3,1,4,3,4,4,3,5,3,3,3,0,20,2,1,2
R_3k1EjZSEMcEesi0,5,5,2,1,5,4,3,4,3,4,4,2,2,1,20,2,1,2
R_3k1EjZSEMcEesi0,9,9,2,1,4,4,3,3,3,3,3,3,3,1,20,2,1,2
R_3Ed2dZE138kCFAQ,5,5,2,5,2,2,5,5,4,0,2,0,2,0,20,1,1,2
R_3Ed2dZE138kCFAQ,6,6,5,5,4,3,5,3,1,0,0,2,0,0,20,1,1,2
R_3Ed2dZE138kCFAQ,9,9,5,3,3,3,4,2,1,1,2,1,3,1,20,1,1,2
R_1OPGKZVVLhlZXLH,1,1,4,2,0,2,3,3,4,4,2,1,5,1,NA,1,2,8
R_1OPGKZVVLhlZXLH,2,2,3,0,4,4,5,5,5,5,2,0,5,0,NA,1,2,8
R_1OPGKZVVLhlZXLH,7,7,1,4,2,4,1,1,0,2,4,5,3,1,NA,1,2,8
R_7PW9KLcrIWYhLOx,3,3,1,3,2,3,1,1,1,4,5,1,4,1,25,1,2,6
R_7PW9KLcrIWYhLOx,4,4,0,3,4,1,3,4,2,5,5,3,3,1,25,1,2,6
R_7PW9KLcrIWYhLOx,8,8,3,4,1,5,2,2,0,3,5,1,4,1,25,1,2,6
R_28AJ5lf9E7vW29b,2,2,4,5,5,0,3,4,4,1,1,5,3,1,45,2,4,8
R_28AJ5lf9E7vW29b,8,8,4,5,2,1,1,4,4,2,2,1,1,0,45,2,4,8
R_28AJ5lf9E7vW29b,10,10,4,5,2,3,2,4,4,1,1,0,0,0,45,2,4,8
R_2D6p1LvIFO8H9JX,3,3,4,4,4,1,1,1,1,3,4,1,4,1,26,1,1,6
R_2D6p1LvIFO8H9JX,5,5,1,2,4,2,3,5,4,3,2,4,2,0,26,1,1,6
R_2D6p1LvIFO8H9JX,11,11,4,3,2,4,1,3,3,4,3,2,3,0,26,1,1,6
R_3m2G6ZeCNUIEjMs,4,4,1,2,3,2,2,3,2,2,1,3,2,1,36,2,3,10
R_3m2G6ZeCNUIEjMs,6,6,1,4,4,4,1,1,1,3,1,3,4,1,36,2,3,10
R_3m2G6ZeCNUIEjMs,9,9,1,0,5,5,1,2,1,5,5,3,4,1,36,2,3,10
R_3CBluW8B8kT3ajF,2,2,2,1,3,3,1,3,3,4,3,4,3,1,39,2,3,8
R_3CBluW8B8kT3ajF,5,5,3,3,4,4,4,5,4,4,3,2,2,1,39,2,3,8
R_3CBluW8B8kT3ajF,8,8,2,5,2,3,1,3,2,4,3,2,3,1,39,2,3,8
R_AGwsupUrMnJCkbT,1,1,0,4,3,0,1,2,2,3,2,4,4,1,36,2,3,10
R_AGwsupUrMnJCkbT,4,4,0,5,3,2,1,4,5,2,2,2,3,1,36,2,3,10
R_AGwsupUrMnJCkbT,9,9,1,5,0,3,0,1,0,4,4,0,4,1,36,2,3,10
R_2uxPB8WiKnYXv3X,4,4,0,3,4,3,1,4,4,1,1,1,2,1,49,2,4,6
R_2uxPB8WiKnYXv3X,10,10,5,1,1,1,3,2,1,4,3,1,2,1,49,2,4,6
R_2uxPB8WiKnYXv3X,11,11,3,1,2,0,2,4,1,3,2,1,2,1,49,2,4,6
R_3stAu9DrtduZTJf,1,1,3,1,2,1,2,2,1,3,4,2,3,1,32,2,4,8
R_3stAu9DrtduZTJf,3,3,3,3,1,2,4,4,2,1,2,2,2,1,32,2,4,8
R_3stAu9DrtduZTJf,7,7,0,4,4,1,3,4,3,0,4,0,1,0,32,2,4,8
R_1PbMsT70bgkzgS7,5,5,3,1,5,0,2,5,2,1,2,2,2,0,20,2,1,2
R_1PbMsT70bgkzgS7,8,8,0,2,4,3,0,0,0,4,3,4,3,1,20,2,1,2
R_1PbMsT70bgkzgS7,10,10,2,2,4,2,1,0,0,3,3,3,4,1,20,2,1,2
R_2QM1aApOyMwlL0i,2,2,2,2,4,5,1,3,3,4,3,3,4,1,35,2,3,10
R_2QM1aApOyMwlL0i,6,6,4,3,2,1,3,3,3,0,1,0,0,0,35,2,3,10
R_2QM1aApOyMwlL0i,9,9,4,2,3,5,1,3,3,2,3,1,3,1,35,2,3,10
R_3DqKZLhGjZhHQSR,5,5,0,2,5,4,0,3,3,4,4,2,2,1,22,1,1,2
R_3DqKZLhGjZhHQSR,7,7,0,4,3,2,1,2,2,2,4,1,2,1,22,1,1,2
R_3DqKZLhGjZhHQSR,9,9,5,3,5,5,0,2,1,5,4,2,2,1,22,1,1,2
R_3rTxEBiHyfOmk7J,1,1,1,3,3,1,1,3,1,4,4,3,3,1,29,1,2,9
R_3rTxEBiHyfOmk7J,8,8,4,4,2,3,1,3,1,4,4,0,3,1,29,1,2,9
R_3rTxEBiHyfOmk7J,11,11,1,1,1,1,2,4,1,4,1,3,2,1,29,1,2,9
R_C19xOIxYZoiauwF,3,3,4,5,3,1,1,2,2,3,4,1,4,1,29,2,4,6
R_C19xOIxYZoiauwF,4,4,0,3,3,2,1,5,4,2,4,1,3,1,29,2,4,6
R_C19xOIxYZoiauwF,7,7,0,5,1,1,2,2,2,2,4,1,2,1,29,2,4,6
R_41wW1GXdFV2h09b,1,1,4,3,5,4,2,2,1,2,3,1,3,1,19,2,1,2
R_41wW1GXdFV2h09b,8,8,1,4,0,1,3,1,0,1,2,0,2,0,19,2,1,2
R_41wW1GXdFV2h09b,11,11,2,5,2,0,5,3,1,3,2,0,1,0,19,2,1,2
R_3fCxtxHWB3shW4i,2,2,4,3,5,3,3,5,5,2,2,3,4,1,21,2,5,5
R_3fCxtxHWB3shW4i,6,6,4,5,4,3,2,3,3,2,1,1,1,1,21,2,5,5
R_3fCxtxHWB3shW4i,10,10,1,1,3,3,2,3,2,4,3,2,1,1,21,2,5,5
R_xu5dx2UQ6rCaCnn,4,4,3,5,3,4,4,3,2,2,2,2,1,1,43,2,3,10
R_xu5dx2UQ6rCaCnn,6,6,4,5,3,4,2,2,1,2,2,2,2,1,43,2,3,10
R_xu5dx2UQ6rCaCnn,11,11,4,2,1,1,2,4,3,2,2,1,1,0,43,2,3,10
R_UROIwrtjjU8qhy1,3,3,4,3,4,1,1,1,0,4,2,2,3,1,NA,1,2,6
R_UROIwrtjjU8qhy1,4,4,1,1,4,1,1,5,3,2,1,1,1,0,NA,1,2,6
R_UROIwrtjjU8qhy1,9,9,3,4,3,3,2,2,1,4,4,0,2,1,NA,1,2,6
R_2S6pL2y1VdVPbe7,5,5,1,1,3,1,1,5,4,2,4,1,1,1,54,2,4,2
R_2S6pL2y1VdVPbe7,9,9,4,1,3,1,1,5,3,2,3,1,1,1,54,2,4,2
R_2S6pL2y1VdVPbe7,10,10,4,2,3,2,1,5,1,2,4,1,1,1,54,2,4,2
R_RmpiU829F1AKvzb,3,7,5,3,3,3,3,1,1,3,5,1,4,1,18,1,1,5
R_RmpiU829F1AKvzb,5,5,0,0,4,5,1,4,3,5,2,4,1,0,18,1,1,5
R_RmpiU829F1AKvzb,8,8,4,5,1,2,4,1,1,1,4,1,4,1,18,1,1,5
R_1oAclak4LZwYQcX,1,1,1,1,4,1,1,5,1,4,2,1,3,1,27,1,1,5
R_1oAclak4LZwYQcX,3,3,1,1,2,4,3,2,1,4,2,2,2,1,27,1,1,5
R_1oAclak4LZwYQcX,4,4,2,1,5,1,1,5,1,4,2,3,4,1,27,1,1,5
R_1CxWkbB8u7hB66L,5,6,1,1,3,1,1,4,3,3,1,0,1,1,26,2,2,6
R_1CxWkbB8u7hB66L,9,9,2,1,1,3,3,2,2,1,1,0,1,1,26,2,2,6
R_1CxWkbB8u7hB66L,10,10,4,1,3,3,1,2,3,3,1,0,1,1,26,2,2,6
R_UWUO7gj32jKxgfn,1,1,5,2,3,2,3,4,1,4,4,1,3,1,22,2,2,6
R_UWUO7gj32jKxgfn,2,2,4,1,4,5,4,3,2,4,4,4,4,1,22,2,2,6
R_UWUO7gj32jKxgfn,7,7,0,5,5,2,3,4,1,2,4,3,5,0,22,2,2,6
R_2sdwUgOYz60kv3W,2,2,0,1,2,0,4,4,2,1,3,4,3,1,25,2,2,6
R_2sdwUgOYz60kv3W,4,4,1,1,3,2,1,4,4,2,2,2,2,0,25,2,2,6
R_2sdwUgOYz60kv3W,8,8,1,3,4,2,1,1,1,3,3,3,3,1,25,2,2,6
R_3HI97poKbOv3dJj,1,1,5,2,5,2,2,4,4,4,4,4,3,1,21,1,2,6
R_3HI97poKbOv3dJj,7,7,1,5,1,2,5,5,5,1,2,1,1,0,21,1,2,6
R_3HI97poKbOv3dJj,8,8,4,4,3,3,5,4,2,2,2,0,1,1,21,1,2,6
R_2xQup9HYKs6vGpB,2,2,2,2,3,3,3,3,3,2,3,3,4,0,24,2,2,7
R_2xQup9HYKs6vGpB,3,3,3,3,3,3,3,2,3,2,2,3,3,1,24,2,2,7
R_2xQup9HYKs6vGpB,10,10,3,3,2,3,4,3,3,3,2,3,3,1,24,2,2,7
R_ZeM03xDWqB7wz6x,1,1,1,2,4,3,1,1,0,4,4,2,2,1,24,2,2,6
R_ZeM03xDWqB7wz6x,5,5,2,5,5,5,2,5,3,4,4,2,2,1,24,2,2,6
R_ZeM03xDWqB7wz6x,11,11,4,5,5,4,2,3,2,4,4,2,2,1,24,2,2,6
R_3Je1M8ak4YT8U4L,2,2,4,3,1,3,4,3,2,2,4,4,3,1,23,2,4,6
R_3Je1M8ak4YT8U4L,5,5,3,2,3,3,4,5,4,4,4,2,2,1,23,2,4,6
R_3Je1M8ak4YT8U4L,7,7,5,5,3,1,4,2,1,1,2,1,3,0,23,2,4,6
R_2qyNfN3SD3gMG3P,3,9,2,4,4,4,4,5,1,5,2,4,0,1,25,1,2,6
R_2qyNfN3SD3gMG3P,6,6,4,3,5,5,3,2,1,5,4,3,2,1,25,1,2,6
R_2qyNfN3SD3gMG3P,8,7,3,5,4,4,4,5,1,5,2,5,1,1,25,1,2,6
R_1lcVvQtpoNOx3mF,4,4,0,5,5,2,2,2,0,5,5,4,2,1,28,2,2,8
R_1lcVvQtpoNOx3mF,9,9,2,5,5,5,2,5,0,5,5,3,5,1,28,2,2,8
R_1lcVvQtpoNOx3mF,10,10,3,2,3,3,3,2,0,5,3,1,2,0,28,2,2,8
R_2YbkgaMXgA1Fvye,7,7,1,5,3,2,3,4,4,2,4,4,2,0,27,2,2,6
R_2YbkgaMXgA1Fvye,8,8,3,5,2,2,1,2,2,2,4,4,4,1,27,2,2,6
R_2YbkgaMXgA1Fvye,9,9,5,2,0,4,1,3,2,4,4,4,4,1,27,2,2,6
R_2BmnHg8NG1aln5Q,1,1,0,3,4,3,2,5,3,3,3,3,3,1,19,2,1,5
R_2BmnHg8NG1aln5Q,4,4,0,1,5,3,0,4,2,5,4,4,5,1,19,2,1,5
R_2BmnHg8NG1aln5Q,11,11,4,0,1,3,1,4,0,2,2,1,3,1,19,2,1,5
R_sLlHiI07YXkjKNj,1,1,1,5,5,5,1,5,3,2,4,4,5,0,23,2,2,6
R_sLlHiI07YXkjKNj,2,2,4,5,2,4,5,2,5,5,4,4,2,1,23,2,2,6
R_sLlHiI07YXkjKNj,9,9,2,5,4,5,4,2,2,4,2,4,2,1,23,2,2,6
R_1LnYXZTE329ZVpO,6,6,0,4,2,4,4,1,0,2,1,0,1,0,24,1,1,5
R_1LnYXZTE329ZVpO,7,7,0,4,4,3,2,3,0,4,5,2,2,1,24,1,1,5
R_1LnYXZTE329ZVpO,11,11,2,3,1,3,1,3,0,3,3,1,4,1,24,1,1,5
R_3R1vXa92P5YT5Lh,2,2,0,1,2,3,0,1,2,5,4,3,4,1,31,2,2,9
R_3R1vXa92P5YT5Lh,5,5,0,1,3,4,1,4,3,4,4,3,3,1,31,2,2,9
R_3R1vXa92P5YT5Lh,10,10,5,3,1,2,0,1,1,4,0,0,0,1,31,2,2,9
R_24r8RN1er5oF5Ra,1,1,3,2,4,3,1,5,2,4,3,4,5,1,24,2,2,6
R_24r8RN1er5oF5Ra,9,9,2,4,3,5,1,3,2,4,3,2,4,1,24,2,2,6
R_24r8RN1er5oF5Ra,11,11,4,2,4,1,1,4,0,4,3,4,4,1,24,2,2,6
R_2y8W8AzdXw1zlkp,4,4,0,5,3,0,5,5,5,0,0,1,0,0,43,2,4,6
R_2y8W8AzdXw1zlkp,5,5,5,0,3,0,3,5,5,3,3,0,0,0,43,2,4,6
R_2y8W8AzdXw1zlkp,6,6,5,3,4,4,2,3,3,3,1,0,1,0,43,2,4,6
R_1ezqGuNERcbsHR8,1,1,5,3,2,2,3,5,4,2,2,1,1,1,63,4,4,8
R_1ezqGuNERcbsHR8,5,5,4,3,2,2,4,4,4,2,1,0,0,0,63,4,4,8
R_1ezqGuNERcbsHR8,10,10,3,2,2,3,2,2,2,3,2,1,2,1,63,4,4,8
R_31dzVeOaIXXFsz7,3,3,3,2,4,2,0,0,0,4,4,4,4,1,20,2,1,2
R_31dzVeOaIXXFsz7,6,6,3,2,4,4,0,0,0,3,2,1,2,1,20,2,1,2
R_31dzVeOaIXXFsz7,8,8,2,2,4,4,0,0,0,4,4,3,4,1,20,2,1,2
R_BreNGMHqcsZHMrL,2,2,3,3,3,4,4,4,3,3,4,2,4,1,22,2,1,5
R_BreNGMHqcsZHMrL,4,4,2,3,4,4,3,2,3,3,4,4,2,1,22,2,1,5
R_BreNGMHqcsZHMrL,7,7,2,4,3,3,3,3,2,3,4,4,3,1,22,2,1,5
R_3dSUrzKlQbhPGcQ,1,1,3,5,2,3,4,4,3,1,5,3,2,0,26,1,1,6
R_3dSUrzKlQbhPGcQ,5,5,0,2,5,5,0,5,3,4,5,5,2,1,26,1,1,6
R_3dSUrzKlQbhPGcQ,10,10,4,2,4,5,2,0,1,4,4,2,5,1,26,1,1,6
R_3kcf3bZlDKssPbY,6,6,3,2,3,4,3,2,1,2,2,1,2,1,37,1,4,8
R_3kcf3bZlDKssPbY,8,8,3,2,3,3,2,3,1,1,2,3,4,0,37,1,4,8
R_3kcf3bZlDKssPbY,11,11,3,2,3,3,2,4,1,2,1,1,1,0,37,1,4,8
R_1r6TV3cpBX53OdN,2,2,3,3,2,4,1,1,1,2,5,3,4,1,22,2,1,5
R_1r6TV3cpBX53OdN,3,3,4,4,5,2,4,1,1,4,5,1,5,1,22,2,1,5
R_1r6TV3cpBX53OdN,4,4,1,5,5,5,2,5,1,1,1,4,1,1,22,2,1,5
R_Odw3bkfDB9kJOtH,3,3,4,4,4,4,2,1,1,3,3,5,4,1,19,2,1,2
R_Odw3bkfDB9kJOtH,8,8,3,2,3,2,0,0,0,4,5,1,5,1,19,2,1,2
R_Odw3bkfDB9kJOtH,9,9,4,2,2,4,3,3,2,4,5,2,5,1,19,2,1,2
R_1CHIEHb5G1Jv5Oh,3,3,4,5,5,2,4,3,0,3,4,0,2,1,26,2,2,6
R_1CHIEHb5G1Jv5Oh,4,4,1,4,5,3,4,4,2,1,0,0,3,1,26,2,2,6
R_1CHIEHb5G1Jv5Oh,11,11,4,2,1,5,4,5,2,4,2,3,4,1,26,2,2,6
R_27EF2n9ygm3R4UK,5,5,2,2,2,2,1,5,4,2,4,1,2,0,19,2,1,2
R_27EF2n9ygm3R4UK,6,6,1,4,5,5,1,1,1,5,3,2,5,1,19,2,1,2
R_27EF2n9ygm3R4UK,10,10,1,4,5,5,1,1,1,5,3,2,5,1,19,2,1,2
R_1l3pNR0sAjFX7Ov,2,2,4,2,2,5,3,3,0,4,4,2,3,1,27,1,2,6
R_1l3pNR0sAjFX7Ov,7,7,5,4,3,3,3,3,0,2,4,3,4,1,27,1,2,6
R_1l3pNR0sAjFX7Ov,9,9,3,2,4,5,3,3,0,4,4,2,1,1,27,1,2,6
R_3iO6MUC1bVYl4eb,1,1,5,0,5,5,0,3,0,3,3,3,3,1,21,2,2,6
R_3iO6MUC1bVYl4eb,3,3,4,0,5,5,0,3,0,3,3,3,3,1,21,2,2,6
R_3iO6MUC1bVYl4eb,6,6,5,0,4,5,0,4,0,4,3,3,2,1,21,2,2,6
R_ahlzoMpl1rSAcYp,2,2,2,3,2,4,2,3,3,4,3,3,3,1,24,2,3,8
R_ahlzoMpl1rSAcYp,5,5,2,3,4,4,2,3,3,3,3,2,3,1,24,2,3,8
R_ahlzoMpl1rSAcYp,7,7,2,3,3,3,2,2,2,3,4,2,3,1,24,2,3,8
R_1ODJLQia8pPgHo6,5,5,0,3,5,1,0,1,0,5,5,5,5,1,22,1,2,7
R_1ODJLQia8pPgHo6,6,6,1,5,5,4,0,1,0,5,4,4,5,1,22,1,2,7
R_1ODJLQia8pPgHo6,9,9,1,5,4,5,0,4,1,5,5,4,5,1,22,1,2,7
R_25AYBZnT5gXGicB,2,2,2,4,0,4,1,1,1,3,3,2,3,1,19,1,1,5
R_25AYBZnT5gXGicB,4,4,3,1,4,1,2,3,2,3,2,1,1,1,19,1,1,5
R_25AYBZnT5gXGicB,11,11,1,2,2,1,1,2,1,3,2,2,3,1,19,1,1,5
R_28Y7K0xBVJWr711,1,1,5,4,4,4,4,5,2,2,1,4,3,1,43,2,2,8
R_28Y7K0xBVJWr711,6,6,4,4,3,4,4,5,2,2,1,1,2,0,43,2,2,8
R_28Y7K0xBVJWr711,10,10,3,4,3,4,4,5,2,3,5,2,5,0,43,2,2,8
R_1LUrEqpyDIGOrdv,7,7,2,5,1,2,4,4,1,1,4,1,1,0,28,1,2,6
R_1LUrEqpyDIGOrdv,10,10,4,3,3,4,2,2,2,4,4,1,3,0,28,1,2,6
R_1LUrEqpyDIGOrdv,11,11,0,2,4,4,1,2,2,2,1,4,1,1,28,1,2,6
R_3rMnSfAub6OU0eJ,3,6,2,3,3,2,4,3,2,3,3,3,3,1,20,2,1,2
R_3rMnSfAub6OU0eJ,8,8,2,3,3,3,4,3,2,3,3,3,3,1,20,2,1,2
R_3rMnSfAub6OU0eJ,9,9,2,5,5,5,4,3,2,3,3,3,3,1,20,2,1,2
R_1177eCyCNMgwafg,9,9,4,1,2,4,2,2,0,4,4,1,2,1,22,2,4,6
R_1177eCyCNMgwafg,10,10,4,3,3,3,3,2,1,4,3,1,2,0,22,2,4,6
R_1177eCyCNMgwafg,11,11,2,3,2,2,2,4,2,4,2,1,2,1,22,2,4,6
R_3m8IumdfzrzyBgq,2,2,0,1,1,3,0,1,1,5,4,4,4,1,24,2,2,7
R_3m8IumdfzrzyBgq,4,4,0,2,3,2,2,4,3,3,2,2,3,1,24,2,2,7
R_3m8IumdfzrzyBgq,7,7,0,5,1,0,4,5,5,0,0,2,1,0,24,2,2,7
R_3RyDisqlE0ooO3e,3,3,1,3,3,2,2,1,1,4,4,5,5,1,27,2,4,6
R_3RyDisqlE0ooO3e,5,5,3,2,4,2,3,3,2,4,3,3,3,1,27,2,4,6
R_3RyDisqlE0ooO3e,6,6,2,4,4,3,2,2,1,4,4,4,4,1,27,2,4,6
R_3qx76Pjd29ET963,1,1,5,5,5,4,1,5,5,5,4,4,4,1,18,2,1,2
R_3qx76Pjd29ET963,6,6,4,5,5,5,1,4,5,5,5,4,4,1,18,2,1,2
R_3qx76Pjd29ET963,8,8,5,4,4,4,2,4,4,4,4,4,3,1,18,2,1,2
R_1iqI1ixcivYc72M,3,3,3,4,1,4,3,4,2,2,4,3,4,1,24,1,2,6
R_1iqI1ixcivYc72M,5,5,3,4,1,4,2,2,3,3,5,4,4,1,24,1,2,6
R_1iqI1ixcivYc72M,9,9,3,4,4,4,3,3,2,4,5,4,5,1,24,1,2,6
R_1OW9JseFgYw4SUZ,1,1,2,4,5,5,1,2,1,4,4,1,5,1,24,2,2,6
R_1OW9JseFgYw4SUZ,2,2,0,5,2,5,1,2,1,4,5,5,5,0,24,2,2,6
R_1OW9JseFgYw4SUZ,11,11,0,4,5,5,1,2,1,5,4,5,5,1,24,2,2,6
R_1hyjAIjnBdryUol,3,3,3,3,5,5,5,3,0,4,4,2,2,1,18,2,1,2
R_1hyjAIjnBdryUol,7,7,0,5,3,4,2,5,1,3,5,1,1,1,18,2,1,2
R_1hyjAIjnBdryUol,8,8,5,5,4,4,2,4,0,4,5,1,4,1,18,2,1,2
R_2cpCgouzhLU0UZc,4,4,2,0,5,5,1,5,2,2,4,3,4,1,20,2,1,2
R_2cpCgouzhLU0UZc,8,8,0,3,3,0,3,2,0,2,2,1,3,1,20,2,1,2
R_2cpCgouzhLU0UZc,11,11,1,2,4,2,1,3,2,2,3,2,3,1,20,2,1,2
R_8dIAevtgtbCJ0vn,1,1,5,5,2,2,4,4,2,1,2,1,1,0,28,2,2,7
R_8dIAevtgtbCJ0vn,6,8,5,5,2,2,4,4,2,1,2,1,1,0,28,2,2,7
R_8dIAevtgtbCJ0vn,7,7,1,5,2,2,4,4,2,1,2,1,1,0,28,2,2,7
R_1DOrjH5fkOyWr6d,1,1,3,4,2,2,4,4,2,2,4,1,1,0,23,2,2,7
R_1DOrjH5fkOyWr6d,3,3,3,4,3,2,3,2,2,2,4,1,3,1,23,2,2,7
R_1DOrjH5fkOyWr6d,5,5,3,3,3,3,4,5,2,2,4,1,1,0,23,2,2,7
R_3EyxCUhlgot2hR2,6,6,1,2,3,3,1,3,3,3,3,2,3,0,27,2,2,6
R_3EyxCUhlgot2hR2,7,7,2,4,2,1,4,4,4,2,3,2,2,0,27,2,2,6
R_3EyxCUhlgot2hR2,11,11,0,3,3,1,2,3,3,3,3,2,3,0,27,2,2,6
R_3LcdXdgF6nft0Lc,2,2,1,1,2,4,4,3,0,4,4,4,3,1,23,1,1,5
R_3LcdXdgF6nft0Lc,4,4,1,2,4,4,3,3,0,4,4,4,4,1,23,1,1,5
R_3LcdXdgF6nft0Lc,10,10,1,1,4,3,4,3,0,4,4,4,3,1,23,1,1,5
R_AMpB61SfWxaXDOh,3,3,1,4,2,3,4,3,2,3,1,1,2,1,32,2,2,6
R_AMpB61SfWxaXDOh,8,8,1,4,2,2,4,3,2,1,0,0,1,0,32,2,2,6
R_AMpB61SfWxaXDOh,9,9,0,2,2,3,1,3,2,3,2,0,3,1,32,2,2,6
R_2UiavTik7I6Wsui,1,1,1,4,2,3,1,4,2,3,4,4,2,1,21,1,1,2
R_2UiavTik7I6Wsui,4,5,2,4,3,2,1,3,3,3,2,2,4,1,21,1,1,2
R_2UiavTik7I6Wsui,7,7,4,4,1,2,1,4,4,1,1,1,1,0,21,1,1,2
R_12yvJiEpHK9vv5T,2,7,4,4,3,3,3,4,4,4,4,4,3,1,24,2,2,8
R_12yvJiEpHK9vv5T,5,3,4,3,3,4,4,4,4,4,4,4,3,1,24,2,2,8
R_12yvJiEpHK9vv5T,11,9,4,4,4,4,4,4,4,4,4,4,3,1,24,2,2,8
R_0MqVBmcJ9CxUyrf,2,2,1,4,2,2,3,4,3,3,3,4,4,1,21,2,1,5
R_0MqVBmcJ9CxUyrf,6,6,4,3,3,3,4,2,2,1,1,1,2,0,21,2,1,5
R_0MqVBmcJ9CxUyrf,8,8,2,2,2,2,2,1,1,1,3,1,2,1,21,2,1,5
R_2SrE3VjtDwPj12B,4,4,0,5,5,5,1,4,0,5,4,1,4,1,25,2,2,6
R_2SrE3VjtDwPj12B,5,5,0,5,5,5,1,4,0,5,4,1,4,1,25,2,2,6
R_2SrE3VjtDwPj12B,10,10,0,5,5,5,1,3,0,5,4,1,4,1,25,2,2,6
R_2dWTWChWdXJ033f,1,1,4,3,4,1,1,4,5,2,2,3,3,1,18,2,1,2
R_2dWTWChWdXJ033f,7,7,2,4,3,2,3,4,4,1,2,2,2,0,18,2,1,2
R_2dWTWChWdXJ033f,9,9,3,2,2,4,4,3,2,4,4,1,3,1,18,2,1,2
R_3LhAVu5NFQyqxn0,1,1,3,1,4,2,0,1,0,5,5,0,4,1,23,2,2,6
R_3LhAVu5NFQyqxn0,4,4,0,0,4,2,2,3,1,4,2,0,3,1,23,2,2,6
R_3LhAVu5NFQyqxn0,9,9,3,3,5,4,0,0,0,5,5,0,5,1,23,2,2,6
R_02uhzssJwqwAc4F,2,2,1,2,4,4,4,2,1,5,5,2,5,1,31,2,2,8
R_02uhzssJwqwAc4F,3,3,2,2,4,4,4,3,3,5,5,2,5,1,31,2,2,8
R_02uhzssJwqwAc4F,10,10,3,3,3,4,5,4,3,5,5,2,5,1,31,2,2,8
R_5uyTRtCRsfGPceR,6,6,3,4,3,2,2,3,3,2,3,2,2,1,24,1,2,9
R_5uyTRtCRsfGPceR,8,8,2,4,4,4,4,5,5,1,2,1,1,0,24,1,2,9
R_5uyTRtCRsfGPceR,11,11,2,2,2,2,2,3,3,2,3,2,2,1,24,1,2,9
R_3smHBx1ho0ZbVzn,5,5,4,3,5,4,5,1,1,4,3,2,4,1,21,2,1,2
R_3smHBx1ho0ZbVzn,7,7,2,5,3,4,4,4,3,2,2,1,3,1,21,2,1,2
R_3smHBx1ho0ZbVzn,10,10,4,4,5,2,2,2,1,4,4,2,4,1,21,2,1,2
R_1OlcKb8knYB5LgD,1,1,2,1,5,0,0,5,5,1,1,2,3,1,23,2,2,6
R_1OlcKb8knYB5LgD,3,3,5,5,4,4,5,5,4,1,2,1,0,0,23,2,2,6
R_1OlcKb8knYB5LgD,8,8,4,5,4,4,1,2,1,1,3,0,1,0,23,2,2,6
R_1i3ggfetF8zZRY0,4,4,0,3,4,3,1,2,3,3,1,0,1,1,26,1,2,6
R_1i3ggfetF8zZRY0,5,5,0,0,4,2,3,4,1,2,3,2,1,0,26,1,2,6
R_1i3ggfetF8zZRY0,11,11,2,0,4,2,3,3,0,2,3,0,1,1,26,1,2,6
R_2bUjXkx590GV86E,2,2,3,3,3,2,3,1,4,4,1,4,2,1,25,1,2,7
R_2bUjXkx590GV86E,7,6,4,4,5,1,5,2,2,4,3,2,3,1,25,1,2,7
R_2bUjXkx590GV86E,9,9,2,3,2,4,1,3,1,5,5,3,4,0,25,1,2,7
R_1gOwNgAhoCPdmIT,1,1,4,2,2,2,1,4,2,4,4,1,2,1,18,2,1,2
R_1gOwNgAhoCPdmIT,3,3,1,4,5,2,1,4,1,4,3,3,3,1,18,2,1,2
R_1gOwNgAhoCPdmIT,6,6,4,3,5,5,1,2,3,3,2,1,1,0,18,2,1,2
R_2QXOba8524vQeFZ,4,4,3,4,5,5,1,3,4,3,2,1,1,1,20,2,1,2
R_2QXOba8524vQeFZ,8,8,3,4,2,5,2,1,1,3,3,2,1,0,20,2,1,2
R_2QXOba8524vQeFZ,11,11,4,4,5,4,1,2,1,3,2,1,1,0,20,2,1,2
R_1ddlcMEL0HNKgr4,2,2,2,1,1,3,2,4,3,2,2,4,4,1,22,2,2,7
R_1ddlcMEL0HNKgr4,5,5,3,1,3,2,1,5,4,3,4,1,3,0,22,2,2,7
R_1ddlcMEL0HNKgr4,10,10,4,4,2,2,4,3,3,2,3,1,2,0,22,2,2,7
R_3hDTXDAA2GIh231,6,6,0,4,5,5,0,1,0,4,4,4,5,1,19,2,1,2
R_3hDTXDAA2GIh231,7,7,0,4,2,2,0,2,1,2,1,4,5,1,19,2,1,2
R_3hDTXDAA2GIh231,9,9,0,3,4,5,0,4,1,3,4,5,5,1,19,2,1,2
R_1Qh0nH2ICdq0BRn,2,2,5,5,5,5,2,2,2,3,3,2,4,1,17,2,1,2
R_1Qh0nH2ICdq0BRn,8,8,4,5,5,5,2,2,2,3,3,2,4,1,17,2,1,2
R_1Qh0nH2ICdq0BRn,10,10,4,5,5,5,2,2,2,3,3,2,4,1,17,2,1,2
R_10TmTslCujn8SWo,3,3,3,5,5,3,4,3,0,5,3,3,4,1,23,2,2,6
R_10TmTslCujn8SWo,9,9,4,0,5,5,5,5,0,5,5,0,1,1,23,2,2,6
R_10TmTslCujn8SWo,11,11,0,5,0,0,0,3,0,5,1,5,5,1,23,2,2,6
R_2xOUY3nS21nSS3d,1,1,0,0,3,0,0,3,1,3,5,4,3,1,22,1,2,6
R_2xOUY3nS21nSS3d,5,5,0,1,2,1,4,5,2,2,5,1,2,1,22,1,2,6
R_2xOUY3nS21nSS3d,6,6,0,4,3,4,2,1,1,1,3,0,0,1,22,1,2,6
R_1Lkwgo5SlyY3Kat,2,2,5,2,4,4,3,4,3,1,3,3,4,1,18,2,1,2
R_1Lkwgo5SlyY3Kat,4,4,4,3,3,4,3,3,5,4,4,1,3,0,18,2,1,2
R_1Lkwgo5SlyY3Kat,7,7,3,5,4,4,4,2,1,2,5,2,2,1,18,2,1,2
R_1LUoFJgvkROq2V4,4,4,0,2,5,3,4,5,4,1,2,2,1,0,20,2,1,5
R_1LUoFJgvkROq2V4,10,10,2,5,0,2,5,2,2,1,2,2,2,0,20,2,1,5
R_1LUoFJgvkROq2V4,11,11,3,5,2,3,1,2,2,4,3,2,2,1,20,2,1,5
R_3nixLInoX0j1rPO,3,3,4,3,4,3,1,1,1,4,3,2,4,1,19,1,1,5
R_3nixLInoX0j1rPO,5,5,0,1,3,2,2,4,2,2,4,0,2,0,19,1,1,5
R_3nixLInoX0j1rPO,7,7,2,3,2,1,3,2,1,3,4,2,3,1,19,1,1,5
R_2q8xp5MaRVDET0E,4,4,1,3,5,5,4,5,4,2,1,1,1,0,18,4,1,2
R_2q8xp5MaRVDET0E,7,7,1,3,2,2,1,3,3,0,3,1,4,1,18,4,1,2
R_2q8xp5MaRVDET0E,11,11,4,3,4,4,3,4,1,2,1,1,1,0,18,4,1,2
R_3Eb4yL57toCLW7P,1,1,1,1,2,2,1,3,3,2,2,4,3,1,20,2,1,2
R_3Eb4yL57toCLW7P,3,3,4,1,5,5,3,3,2,2,2,3,2,1,20,2,1,2
R_3Eb4yL57toCLW7P,8,8,3,1,5,5,3,5,4,2,2,1,1,0,20,2,1,2
R_1mrcT6anrCoVAnj,7,7,1,4,2,2,4,1,2,4,2,1,2,1,21,1,2,6
R_1mrcT6anrCoVAnj,8,8,3,3,2,2,2,3,3,2,3,3,2,0,21,1,2,6
R_1mrcT6anrCoVAnj,10,10,1,1,4,4,1,4,3,2,3,2,4,1,21,1,2,6
R_zeZAkm46ozopFHb,4,4,1,2,3,3,0,2,3,4,2,4,3,1,18,2,1,2
R_zeZAkm46ozopFHb,9,9,1,3,3,2,0,1,1,3,3,3,3,1,18,2,1,2
R_zeZAkm46ozopFHb,10,10,1,2,2,2,0,1,1,3,3,2,3,1,18,2,1,2
R_2R3qsHZwdbXfrAw,4,4,1,1,5,5,1,1,3,5,3,4,3,1,19,2,1,2
R_2R3qsHZwdbXfrAw,5,5,2,3,4,5,2,5,3,4,4,2,3,1,19,2,1,2
R_2R3qsHZwdbXfrAw,6,6,4,2,3,4,3,1,1,2,2,3,3,1,19,2,1,2
R_C8pRCs8kZ3iCvO9,2,2,0,1,1,5,5,1,1,4,4,3,5,1,18,2,1,2
R_C8pRCs8kZ3iCvO9,3,3,3,3,3,3,4,0,2,3,5,2,3,1,18,2,1,2
R_C8pRCs8kZ3iCvO9,11,11,3,2,2,3,3,3,4,4,3,2,3,1,18,2,1,2
R_2QlEsyLKcuJMTjk,1,1,0,0,1,1,2,4,3,3,3,2,3,1,22,2,2,6
R_2QlEsyLKcuJMTjk,4,4,0,1,4,3,2,4,4,4,4,2,4,1,22,2,2,6
R_2QlEsyLKcuJMTjk,9,9,4,0,0,3,4,3,2,4,5,1,4,1,22,2,2,6
R_Q3tC8nZUeLEWqYN,1,1,0,2,4,2,1,3,2,3,2,0,0,0,21,2,1,2
R_Q3tC8nZUeLEWqYN,6,6,2,5,5,5,1,3,0,5,3,0,0,1,21,2,1,2
R_Q3tC8nZUeLEWqYN,9,9,3,5,4,3,1,2,0,2,2,0,0,0,21,2,1,2
R_4PBwaSEpz8YC42l,2,2,1,1,3,4,0,1,0,3,4,2,5,1,18,1,1,2
R_4PBwaSEpz8YC42l,3,3,4,1,0,1,1,1,0,2,3,3,1,1,18,1,1,2
R_4PBwaSEpz8YC42l,11,11,4,0,1,2,1,4,0,3,2,2,1,1,18,1,1,2
R_2WTPsOBT6YM3sag,7,7,0,5,2,1,2,4,4,2,3,1,2,1,18,2,1,2
R_2WTPsOBT6YM3sag,8,8,3,3,4,4,0,2,2,4,3,1,3,1,18,2,1,2
R_2WTPsOBT6YM3sag,10,10,5,2,3,3,1,5,4,3,2,0,0,0,18,2,1,2
R_3fNsm8XNQDMswpe,1,1,1,3,5,3,4,3,1,3,3,2,3,1,21,2,2,6
R_3fNsm8XNQDMswpe,4,4,1,2,2,3,3,4,1,3,3,1,3,1,21,2,2,6
R_3fNsm8XNQDMswpe,10,10,2,4,2,3,3,2,1,3,3,2,3,1,21,2,2,6
R_2DYVjI2xbsEgWlq,3,3,3,4,2,0,1,2,1,1,3,2,3,0,26,2,1,5
R_2DYVjI2xbsEgWlq,5,5,1,2,2,1,1,4,4,1,4,3,1,0,26,2,1,5
R_2DYVjI2xbsEgWlq,11,11,2,2,3,0,1,3,2,2,2,1,2,0,26,2,1,5
R_2rJAcE8Ynkc02a1,2,6,4,5,3,5,4,5,4,4,5,4,5,1,25,1,2,6
R_2rJAcE8Ynkc02a1,6,2,4,5,3,5,3,5,3,4,5,4,5,1,25,1,2,6
R_2rJAcE8Ynkc02a1,9,11,4,5,3,5,5,5,3,4,5,4,5,1,25,1,2,6
R_2WCIl8TH0zt9C4R,3,3,0,5,5,5,0,0,1,3,5,2,5,1,50,1,1,5
R_2WCIl8TH0zt9C4R,8,8,0,5,5,5,0,0,1,3,5,2,5,1,50,1,1,5
R_2WCIl8TH0zt9C4R,9,9,0,5,5,5,0,0,1,3,5,2,5,1,50,1,1,5
R_UyykEo6P4OC6k2R,5,5,3,3,3,5,3,4,1,5,2,2,2,1,19,2,1,5
R_UyykEo6P4OC6k2R,6,6,0,5,5,5,1,0,0,5,5,2,5,1,19,2,1,5
R_UyykEo6P4OC6k2R,10,10,0,3,4,3,2,0,0,5,4,4,5,1,19,2,1,5
R_3hEgdhSDrSQeiD0,1,1,5,5,3,0,1,2,3,3,1,0,0,0,47,2,4,8
R_3hEgdhSDrSQeiD0,2,2,0,1,0,4,0,1,0,5,4,1,4,1,47,2,4,8
R_3hEgdhSDrSQeiD0,11,11,4,2,4,1,3,3,2,3,1,0,1,1,47,2,4,8
R_3Lb9a1neVnZ86lB,4,4,2,4,1,5,0,0,5,5,5,3,5,1,21,1,1,2
R_3Lb9a1neVnZ86lB,7,7,3,5,4,4,3,4,1,2,1,0,1,0,21,1,1,2
R_3Lb9a1neVnZ86lB,8,8,5,2,2,5,1,2,0,4,3,0,3,1,21,1,1,2
R_3qk7fTqZXAxxpzp,4,4,1,2,1,2,4,4,5,2,1,2,3,0,25,1,2,8
R_3qk7fTqZXAxxpzp,7,7,0,4,4,2,5,5,5,1,3,2,0,0,25,1,2,8
R_3qk7fTqZXAxxpzp,9,9,4,0,2,3,1,2,2,4,3,0,2,1,25,1,2,8
R_22JKuYVFNIO4MI7,1,1,1,1,5,2,2,5,5,2,1,1,2,1,20,2,1,5
R_22JKuYVFNIO4MI7,2,2,1,5,5,4,3,5,5,2,1,1,2,0,20,2,1,5
R_22JKuYVFNIO4MI7,10,10,4,5,3,5,4,1,2,2,1,1,1,1,20,2,1,5
R_tFe7fkpfYDz3BWp,3,3,3,5,3,3,0,0,0,2,3,3,5,1,29,4,4,8
R_tFe7fkpfYDz3BWp,5,5,0,0,5,1,0,5,3,3,4,0,3,1,29,4,4,8
R_tFe7fkpfYDz3BWp,8,8,5,4,0,5,0,0,0,4,4,1,1,1,29,4,4,8
R_8dcbYGqmTs3bxIJ,6,6,4,3,4,2,3,0,0,4,4,0,5,1,21,2,1,2
R_8dcbYGqmTs3bxIJ,9,9,4,1,5,4,2,0,0,5,5,0,5,1,21,2,1,2
R_8dcbYGqmTs3bxIJ,11,11,1,1,3,3,1,1,0,4,4,1,5,1,21,2,1,2
R_3JIRB6JOvdzDFQN,1,1,4,2,5,2,5,3,0,5,5,2,4,1,20,2,1,5
R_3JIRB6JOvdzDFQN,4,4,0,2,5,2,5,3,0,5,5,4,5,1,20,2,1,5
R_3JIRB6JOvdzDFQN,7,7,4,4,4,2,5,4,0,3,4,1,3,1,20,2,1,5
R_1Y9mmUZXWPIWKd3,3,3,3,3,3,1,0,4,1,3,3,0,4,0,25,2,2,6
R_1Y9mmUZXWPIWKd3,7,7,0,4,4,1,0,3,1,3,4,0,4,1,25,2,2,6
R_1Y9mmUZXWPIWKd3,11,11,3,5,5,3,0,2,1,5,5,0,4,1,25,2,2,6
R_5w3h4e0pq9I7pzH,4,4,0,3,5,2,1,5,5,3,1,3,4,1,40,2,3,8
R_5w3h4e0pq9I7pzH,9,9,4,4,2,3,4,4,3,1,0,0,2,0,40,2,3,8
R_5w3h4e0pq9I7pzH,10,10,2,5,2,3,4,4,3,1,0,0,1,0,40,2,3,8
R_1dv5VtKXcom7Ulp,1,1,3,4,3,1,2,1,4,0,3,0,1,1,33,1,2,8
R_1dv5VtKXcom7Ulp,2,2,0,1,4,3,1,4,1,4,4,3,1,1,33,1,2,8
R_1dv5VtKXcom7Ulp,7,7,0,4,3,4,3,3,0,2,5,3,3,1,33,1,2,8
R_2CNc15LE3ngIfcj,1,1,2,3,5,3,2,3,3,3,4,2,3,1,26,1,2,10
R_2CNc15LE3ngIfcj,9,9,3,3,4,5,3,4,3,4,4,2,3,1,26,1,2,10
R_2CNc15LE3ngIfcj,11,11,3,2,4,2,4,5,4,4,4,2,3,0,26,1,2,10
R_32LRrXEoaCfHHIs,3,3,3,4,1,4,5,4,3,2,4,3,4,1,21,2,2,6
R_32LRrXEoaCfHHIs,4,4,3,4,2,4,5,4,4,3,4,3,4,1,21,2,2,6
R_32LRrXEoaCfHHIs,5,5,3,5,3,4,5,5,5,4,4,4,5,1,21,2,2,6
R_3O1tJNXok5adX55,2,2,1,3,4,3,2,4,3,4,4,2,3,1,20,1,1,2
R_3O1tJNXok5adX55,6,6,3,2,1,2,4,4,4,1,1,1,1,0,20,1,1,2
R_3O1tJNXok5adX55,8,8,4,3,2,4,1,2,2,4,4,4,5,1,20,1,1,2
R_3EsgXJE7Kix2HLY,1,1,4,4,3,3,4,5,3,0,0,3,0,0,25,2,1,5
R_3EsgXJE7Kix2HLY,8,8,1,5,3,3,1,2,0,0,4,0,0,0,25,2,1,5
R_3EsgXJE7Kix2HLY,10,10,5,1,1,1,2,4,0,3,2,0,1,1,25,2,1,5
R_9ZBLeni4ETSn1zH,4,4,0,2,4,3,2,5,3,2,2,0,1,1,19,2,1,2
R_9ZBLeni4ETSn1zH,5,5,3,2,4,0,1,5,4,1,2,0,0,0,19,2,1,2
R_9ZBLeni4ETSn1zH,7,7,1,2,2,0,1,5,2,1,2,0,0,0,19,2,1,2
R_3fcl7CKTDKDBBuM,2,2,0,0,3,5,0,4,1,4,5,4,4,1,20,2,1,5
R_3fcl7CKTDKDBBuM,3,3,0,0,1,3,0,4,1,3,2,5,3,1,20,2,1,5
R_3fcl7CKTDKDBBuM,9,9,0,0,1,3,0,4,0,5,5,4,5,1,20,2,1,5
R_3J33xJCW7n8Dsul,1,1,3,4,4,3,2,2,1,3,2,3,3,1,22,1,4,5
R_3J33xJCW7n8Dsul,10,10,0,4,3,3,4,1,1,3,3,2,2,0,22,1,4,5
R_3J33xJCW7n8Dsul,11,11,4,1,3,2,4,0,3,1,1,1,0,0,22,1,4,5
R_3jd6FYvUG6NisVA,8,8,2,4,3,3,2,3,2,2,3,4,2,0,NA,2,1,7
R_3jd6FYvUG6NisVA,10,10,3,2,3,4,4,4,4,3,3,3,3,1,NA,2,1,7
R_3jd6FYvUG6NisVA,11,11,4,3,4,4,3,4,4,4,3,4,3,1,NA,2,1,7
R_3MhZ2EwBTgDMa8g,2,2,4,4,5,5,5,3,5,3,3,2,2,1,21,1,2,6
R_3MhZ2EwBTgDMa8g,6,6,3,3,5,3,3,5,5,3,3,2,4,0,21,1,2,6
R_3MhZ2EwBTgDMa8g,7,7,4,5,4,3,3,5,5,3,3,1,3,0,21,1,2,6
R_1gvVEItNY7BoGGa,1,1,4,1,5,5,1,1,2,3,4,2,3,1,18,2,1,5
R_1gvVEItNY7BoGGa,3,3,3,2,4,4,3,3,2,3,3,3,3,1,18,2,1,5
R_1gvVEItNY7BoGGa,4,4,2,4,4,4,3,4,2,2,3,0,1,1,18,2,1,5
R_1OIuJ80XV7Mdwgt,3,6,2,1,1,1,1,1,1,1,1,1,1,1,23,2,4,7
R_1OIuJ80XV7Mdwgt,4,7,2,1,2,2,2,2,1,1,1,2,2,1,23,2,4,7
R_1OIuJ80XV7Mdwgt,5,9,3,2,2,2,3,2,1,1,1,2,3,1,23,2,4,7
R_1fdfQKbLCBtyDMd,1,1,4,3,0,2,1,1,2,2,3,0,3,1,36,1,2,8
R_1fdfQKbLCBtyDMd,5,5,0,3,1,3,4,5,4,3,3,0,3,1,36,1,2,8
R_1fdfQKbLCBtyDMd,11,11,1,2,0,1,2,2,1,2,2,1,1,0,36,1,2,8
R_3FOGOrTanK4U9fH,5,5,3,3,3,2,2,2,2,3,4,4,4,1,32,1,2,7
R_3FOGOrTanK4U9fH,8,11,3,2,4,2,3,2,3,3,3,3,3,1,32,1,2,7
R_3FOGOrTanK4U9fH,9,9,2,3,3,3,2,3,3,2,3,3,3,1,32,1,2,7
R_2dH2OK7RmrpizdD,1,1,4,1,1,4,2,5,2,1,1,1,1,0,19,2,5,5
R_2dH2OK7RmrpizdD,7,7,5,3,3,4,4,1,1,4,3,2,2,1,19,2,5,5
R_2dH2OK7RmrpizdD,10,10,1,4,4,4,3,1,3,4,3,2,2,1,19,2,5,5
R_x2WlmbQ51r31cUF,2,2,0,1,1,3,2,2,1,4,4,5,4,1,21,2,1,5
R_x2WlmbQ51r31cUF,5,5,0,1,3,2,1,4,4,3,5,4,4,1,21,2,1,5
R_x2WlmbQ51r31cUF,11,11,2,0,1,0,2,1,3,3,4,3,4,0,21,2,1,5
R_1fZQTMYJJ68A2ko,8,6,2,3,2,3,3,2,1,3,3,2,3,1,19,2,1,2
R_1fZQTMYJJ68A2ko,9,9,2,3,2,3,3,2,1,3,3,2,3,1,19,2,1,2
R_1fZQTMYJJ68A2ko,10,10,2,3,2,3,3,2,1,3,3,2,3,1,19,2,1,2
R_3lFZA6T3zhTCUXV,6,6,4,5,3,3,4,5,3,1,1,1,1,0,21,2,1,5
R_3lFZA6T3zhTCUXV,10,10,4,4,2,3,3,5,4,1,2,0,1,0,21,2,1,5
R_3lFZA6T3zhTCUXV,11,11,2,1,4,4,5,5,4,2,2,0,1,0,21,2,1,5
R_YSkHv3JchGgcQgx,2,2,0,1,2,5,1,2,2,5,5,5,5,0,22,1,2,6
R_YSkHv3JchGgcQgx,6,6,3,5,4,5,3,2,3,1,1,1,1,0,22,1,2,6
R_YSkHv3JchGgcQgx,11,11,5,1,4,3,1,4,3,3,2,1,2,1,22,1,2,6
R_30qqWdUvOAP2p49,1,1,3,4,5,5,0,0,0,5,5,5,3,1,22,1,1,2
R_30qqWdUvOAP2p49,7,7,2,3,1,1,3,3,1,1,5,0,2,0,22,1,1,2
R_30qqWdUvOAP2p49,8,8,2,2,3,2,0,0,0,4,5,1,5,1,22,1,1,2
R_2vdGusDNWtvMXvy,5,5,1,1,2,2,5,5,3,2,4,2,0,0,19,2,1,2
R_2vdGusDNWtvMXvy,6,6,5,3,4,3,0,1,0,3,2,1,4,0,19,2,1,2
R_2vdGusDNWtvMXvy,10,10,5,4,4,3,0,2,1,3,5,1,5,1,19,2,1,2
R_1Fht9AuszGxE5Q9,1,1,2,4,2,2,1,1,0,3,5,2,4,1,19,1,1,2
R_1Fht9AuszGxE5Q9,6,6,0,1,4,4,1,0,0,4,5,2,5,1,19,1,1,2
R_1Fht9AuszGxE5Q9,11,11,0,2,1,1,1,3,0,4,5,1,5,1,19,1,1,2
R_wTZRObt0ud8Vdf3,8,3,3,4,4,3,3,2,1,4,4,2,4,1,20,1,1,2
R_wTZRObt0ud8Vdf3,9,9,3,2,3,5,4,4,1,4,4,2,4,1,20,1,1,2
R_wTZRObt0ud8Vdf3,10,10,1,2,3,5,2,2,1,4,4,2,4,1,20,1,1,2
R_2DSPjWq6igQeKXL,3,3,0,5,0,1,5,1,1,1,3,0,0,0,20,1,1,5
R_2DSPjWq6igQeKXL,4,4,0,5,3,3,5,5,5,1,3,1,0,1,20,1,1,5
R_2DSPjWq6igQeKXL,5,5,2,3,3,1,5,5,5,1,3,0,0,0,20,1,1,5
R_30uzTovpVAvKUje,5,5,1,2,4,1,4,5,3,4,4,1,4,1,33,1,2,8
R_30uzTovpVAvKUje,6,6,5,4,3,3,4,3,1,3,1,0,1,0,33,1,2,8
R_30uzTovpVAvKUje,8,7,4,5,2,2,2,2,1,1,5,0,1,0,33,1,2,8
R_1FqrtkkDfvYkQr2,2,2,0,0,1,4,1,5,2,3,3,0,1,0,24,2,2,7
R_1FqrtkkDfvYkQr2,7,7,0,5,3,2,4,5,3,0,3,0,1,0,24,2,2,7
R_1FqrtkkDfvYkQr2,11,11,5,0,3,2,1,5,3,3,1,0,0,0,24,2,2,7
R_2wGiZtuyosiShG9,2,2,3,3,3,5,5,5,3,2,0,2,2,1,18,1,1,5
R_2wGiZtuyosiShG9,6,6,1,5,5,5,2,4,3,1,0,2,2,1,18,1,1,5
R_2wGiZtuyosiShG9,11,11,3,1,1,1,3,1,1,1,1,3,3,1,18,1,1,5
R_2vYtB8uRnNfQ2eF,2,2,0,0,1,5,1,1,1,5,5,5,5,1,24,2,2,6
R_2vYtB8uRnNfQ2eF,6,6,5,3,4,4,1,1,1,3,0,0,0,0,24,2,2,6
R_2vYtB8uRnNfQ2eF,7,7,0,5,2,2,5,5,4,0,4,2,0,0,24,2,2,6
R_3kLAKq1nLtjwlxK,1,1,2,3,2,2,2,3,1,2,2,4,3,1,23,2,2,7
R_3kLAKq1nLtjwlxK,4,4,0,5,5,5,4,5,2,4,3,1,3,1,23,2,2,7
R_3kLAKq1nLtjwlxK,8,8,5,3,1,5,1,1,1,2,2,1,1,0,23,2,2,7
R_32XTquUd2xnirrm,4,4,0,0,3,3,0,0,0,5,0,0,5,1,22,1,1,5
R_32XTquUd2xnirrm,5,5,2,0,5,0,0,0,0,5,0,0,5,1,22,1,1,5
R_32XTquUd2xnirrm,10,10,3,4,3,5,0,0,0,5,0,0,5,1,22,1,1,5
R_2amN8Mt8lub0fKP,1,1,4,4,2,1,2,3,2,3,1,3,1,0,24,2,2,7
R_2amN8Mt8lub0fKP,2,2,1,1,1,3,2,3,4,3,4,4,2,1,24,2,2,7
R_2amN8Mt8lub0fKP,6,6,5,4,3,3,4,4,1,0,1,0,0,0,24,2,2,7
R_1LvvZdCqwhiXCRl,3,3,2,5,5,3,1,1,0,3,2,2,3,1,NA,2,1,2
R_1LvvZdCqwhiXCRl,8,3,2,5,5,4,2,1,0,3,2,3,2,1,NA,2,1,2
R_1LvvZdCqwhiXCRl,9,9,4,3,5,5,1,2,1,3,1,1,2,1,NA,2,1,2
R_XzeODFCeJuHBO6J,8,8,3,4,3,5,4,3,3,1,2,1,2,1,22,2,1,6
R_XzeODFCeJuHBO6J,10,10,1,1,1,3,5,4,3,2,1,1,1,0,22,2,1,6
R_XzeODFCeJuHBO6J,11,11,4,4,4,2,1,4,1,4,3,1,1,1,22,2,1,6
R_2XmwaV5rdgilHeV,6,6,2,3,4,4,1,3,2,3,3,1,4,1,20,1,1,5
R_2XmwaV5rdgilHeV,7,7,1,4,1,1,4,5,3,1,4,1,2,0,20,1,1,5
R_2XmwaV5rdgilHeV,10,10,2,2,4,3,2,3,2,4,3,1,4,1,20,1,1,5
R_210SBkeDaHYxnZV,2,2,3,3,3,3,4,3,3,2,2,2,2,0,22,2,2,5
R_210SBkeDaHYxnZV,3,3,3,3,3,3,3,3,3,2,2,2,2,0,22,2,2,5
R_210SBkeDaHYxnZV,4,4,3,3,3,3,3,3,3,2,2,2,2,0,22,2,2,5
R_R4QbS7jV3KHopQ5,4,4,3,1,4,5,3,5,3,4,3,2,2,0,21,1,2,7
R_R4QbS7jV3KHopQ5,6,6,2,4,4,4,3,5,3,3,3,3,3,1,21,1,2,7
R_R4QbS7jV3KHopQ5,7,7,1,5,3,3,1,2,2,1,5,2,4,1,21,1,2,7
R_1f2hKMGVTC6UMRC,1,1,4,5,3,3,5,5,5,0,1,1,1,0,28,2,2,9
R_1f2hKMGVTC6UMRC,4,4,0,5,4,4,4,5,5,2,1,1,0,0,28,2,2,9
R_1f2hKMGVTC6UMRC,11,11,5,3,1,2,3,2,2,0,1,1,0,0,28,2,2,9
R_XnpMdSATWYWDw8p,3,3,2,4,4,3,2,3,1,4,4,2,4,1,22,2,2,6
R_XnpMdSATWYWDw8p,5,5,3,4,5,3,1,3,2,4,3,3,5,1,22,2,2,6
R_XnpMdSATWYWDw8p,6,6,2,4,4,3,2,3,1,4,4,2,4,1,22,2,2,6
R_XEUbtBrfATTJiXT,3,3,3,1,3,1,2,1,1,3,4,3,3,1,21,2,2,6
R_XEUbtBrfATTJiXT,4,4,5,5,4,4,2,5,5,2,3,1,1,0,21,2,2,6
R_XEUbtBrfATTJiXT,11,11,2,0,2,1,0,4,1,3,1,2,1,0,21,2,2,6
R_bPiYC25HCkMn3aN,2,2,0,4,1,2,1,5,2,1,3,4,4,1,25,2,2,9
R_bPiYC25HCkMn3aN,7,7,0,5,4,3,5,3,2,5,3,1,2,1,25,2,2,9
R_bPiYC25HCkMn3aN,9,9,5,2,1,3,3,3,2,3,3,1,2,1,25,2,2,9
R_29b5ur5gX4DawlE,3,3,3,0,3,2,2,3,0,3,3,3,2,1,32,2,2,6
R_29b5ur5gX4DawlE,4,4,0,3,5,3,1,4,3,3,2,2,1,1,32,2,2,6
R_29b5ur5gX4DawlE,11,11,3,0,2,0,2,3,1,3,3,1,3,1,32,2,2,6
R_2q9TheWq895RcNJ,8,8,1,3,1,2,0,0,0,0,2,3,3,0,19,2,1,5
R_2q9TheWq895RcNJ,9,9,4,2,1,4,1,2,2,5,4,1,4,1,19,2,1,5
R_2q9TheWq895RcNJ,10,10,5,0,4,3,2,4,2,5,5,1,2,1,19,2,1,5
R_wTWPcuA0R1nGLyV,1,1,1,5,2,4,1,3,1,2,3,4,4,1,22,2,1,5
R_wTWPcuA0R1nGLyV,2,2,1,5,2,4,4,5,3,2,3,2,4,1,22,2,1,5
R_wTWPcuA0R1nGLyV,6,6,0,4,5,3,3,4,3,3,3,1,3,1,22,2,1,5
R_3FOQGd7XpyE3o5Z,4,4,1,3,3,1,2,5,5,1,2,4,4,0,29,2,2,7
R_3FOQGd7XpyE3o5Z,6,6,4,4,4,5,4,4,2,4,4,1,1,1,29,2,2,7
R_3FOQGd7XpyE3o5Z,7,7,3,4,2,4,4,3,2,4,4,1,2,0,29,2,2,7
R_3G2m78JQbhJhfGp,8,8,1,5,1,5,1,3,2,2,3,2,1,0,20,2,1,2
R_3G2m78JQbhJhfGp,10,10,4,2,4,2,1,3,2,4,4,1,2,1,20,2,1,2
R_3G2m78JQbhJhfGp,11,11,2,2,3,2,1,5,2,5,4,4,3,1,20,2,1,2
R_28zVHxzwW1IBjn6,3,3,1,1,1,1,4,2,0,2,5,5,0,1,26,1,2,6
R_28zVHxzwW1IBjn6,5,5,3,5,5,4,5,5,4,4,2,1,1,1,26,1,2,6
R_28zVHxzwW1IBjn6,9,9,2,4,3,5,3,2,4,3,1,0,1,1,26,1,2,6
R_R4fHPqN4CMOYIkF,4,4,1,5,5,1,2,1,3,2,1,1,5,1,21,2,1,2
R_R4fHPqN4CMOYIkF,6,6,5,3,3,1,3,1,0,1,1,0,2,1,21,2,1,2
R_R4fHPqN4CMOYIkF,11,11,2,3,3,0,3,3,0,4,4,2,5,1,21,2,1,2
R_RUXJ5r5ALfLEXJf,3,3,3,1,2,3,2,2,1,5,3,3,4,1,23,1,1,5
R_RUXJ5r5ALfLEXJf,7,7,0,3,2,2,1,2,2,2,3,5,5,1,23,1,1,5
R_RUXJ5r5ALfLEXJf,10,10,5,5,1,1,4,4,3,1,2,0,1,0,23,1,1,5
R_Q5pGxxxzxRx0nst,5,5,0,1,4,3,1,4,4,4,4,4,2,1,29,1,6,8
R_Q5pGxxxzxRx0nst,6,6,4,5,4,5,1,2,2,5,4,1,4,1,29,1,6,8
R_Q5pGxxxzxRx0nst,8,7,3,4,3,4,1,2,2,3,4,3,4,1,29,1,6,8
R_2EAkTeXkYZv34I5,4,4,1,5,5,2,2,5,1,5,3,1,1,1,24,1,2,6
R_2EAkTeXkYZv34I5,10,10,1,3,2,2,1,2,1,4,3,1,3,1,24,1,2,6
R_2EAkTeXkYZv34I5,11,11,1,5,4,2,3,5,1,3,4,1,1,1,24,1,2,6
R_2TFV0Z1W0qqhXye,2,2,2,1,3,3,1,3,2,4,3,4,3,1,34,1,2,8
R_2TFV0Z1W0qqhXye,7,7,2,4,4,0,3,5,4,2,3,3,1,0,34,1,2,8
R_2TFV0Z1W0qqhXye,8,8,4,3,1,2,1,2,1,2,3,1,2,0,34,1,2,8
R_Zk0pMbim1Fyo13P,1,1,3,4,5,4,2,1,2,1,3,0,4,1,27,1,2,7
R_Zk0pMbim1Fyo13P,5,5,5,4,4,4,3,4,3,4,2,0,2,1,27,1,2,7
R_Zk0pMbim1Fyo13P,9,9,5,4,3,4,1,4,2,4,4,0,4,1,27,1,2,7
R_2af8NNK0cO2W3s9,3,3,3,4,1,4,4,2,1,4,3,4,1,1,32,1,2,6
R_2af8NNK0cO2W3s9,6,6,1,4,3,5,2,2,1,3,3,2,3,1,32,1,2,6
R_2af8NNK0cO2W3s9,9,9,1,1,2,3,2,4,1,5,2,3,2,1,32,1,2,6
R_5u6ZqyjvyNwg881,3,3,2,5,0,5,0,0,0,4,5,0,5,1,22,2,1,2
R_5u6ZqyjvyNwg881,5,5,0,2,2,3,3,4,1,3,3,1,2,0,22,2,1,2
R_5u6ZqyjvyNwg881,10,10,5,5,0,4,1,1,0,5,4,0,5,1,22,2,1,2
R_eWJccx4970wwoAp,1,1,2,1,3,5,1,2,2,3,4,2,3,1,25,2,1,6
R_eWJccx4970wwoAp,7,7,0,5,2,3,4,5,4,1,4,2,2,0,25,2,1,6
R_eWJccx4970wwoAp,11,11,3,1,4,3,1,2,3,3,1,3,1,0,25,2,1,6
R_3m7tdWkn6wP5klA,2,2,0,0,3,3,4,2,1,4,2,3,3,1,21,1,2,6
R_3m7tdWkn6wP5klA,4,4,0,1,1,3,3,4,3,4,3,3,2,1,21,1,2,6
R_3m7tdWkn6wP5klA,8,8,3,3,2,2,2,1,1,4,2,1,3,1,21,1,2,6
R_2pWTwdJaoGncDw3,1,1,2,1,5,4,1,5,4,3,4,4,3,0,29,2,2,6
R_2pWTwdJaoGncDw3,8,7,2,4,0,5,1,2,1,4,5,4,4,0,29,2,2,6
R_2pWTwdJaoGncDw3,10,10,4,4,2,5,1,5,3,4,4,3,3,1,29,2,2,6
R_aYlTDhv29Vdvol3,4,4,0,0,5,4,0,5,5,5,0,0,2,0,20,2,1,2
R_aYlTDhv29Vdvol3,6,6,5,2,3,4,5,5,1,2,0,0,0,1,20,2,1,2
R_aYlTDhv29Vdvol3,7,7,0,5,0,0,4,5,1,0,4,1,0,0,20,2,1,2
R_31vGDhOBbboveX3,3,3,4,4,4,4,4,5,3,3,3,1,5,1,22,2,2,6
R_31vGDhOBbboveX3,5,5,4,4,4,4,4,5,4,3,3,1,5,1,22,2,2,6
R_31vGDhOBbboveX3,11,11,2,4,1,2,1,5,4,3,3,4,2,0,22,2,2,6
R_33eZFSs1tnPbZni,1,1,2,3,3,3,3,3,0,2,4,2,2,1,27,1,2,6
R_33eZFSs1tnPbZni,5,5,3,2,3,4,2,2,0,2,4,3,2,1,27,1,2,6
R_33eZFSs1tnPbZni,10,10,2,4,3,4,1,3,1,2,4,3,3,1,27,1,2,6
R_QmHRCTG4xV87tDz,2,2,0,1,1,3,1,5,1,4,4,1,1,0,20,2,1,2
R_QmHRCTG4xV87tDz,3,3,2,4,1,4,4,5,3,1,1,1,0,0,20,2,1,2
R_QmHRCTG4xV87tDz,7,7,5,5,1,5,0,2,0,4,5,1,3,1,20,2,1,2
R_2VgW46e2Qr5MObr,7,7,3,4,5,3,2,2,1,4,5,3,5,1,33,2,2,9
R_2VgW46e2Qr5MObr,8,8,3,5,2,4,2,2,1,4,5,3,5,1,33,2,2,9
R_2VgW46e2Qr5MObr,10,10,4,5,3,4,2,2,1,4,5,3,3,1,33,2,2,9
R_3m4Yh7ywgXByWoj,2,2,0,0,2,5,0,0,1,4,4,5,3,1,18,2,1,5
R_3m4Yh7ywgXByWoj,4,4,4,0,0,1,1,4,5,4,3,1,2,0,18,2,1,5
R_3m4Yh7ywgXByWoj,9,9,3,2,0,5,0,1,0,5,4,2,4,1,18,2,1,5
R_1kFzwPhAmPCHSAs,5,5,1,1,2,5,5,5,2,4,5,0,5,1,29,2,2,6
R_1kFzwPhAmPCHSAs,6,6,5,1,5,5,4,0,0,4,1,5,2,1,29,2,2,6
R_1kFzwPhAmPCHSAs,7,7,3,5,3,5,5,1,0,4,5,0,4,1,29,2,2,6
R_1Fll6JsT2iLL2we,1,1,1,3,3,2,2,5,3,2,0,3,1,1,18,2,1,2
R_1Fll6JsT2iLL2we,4,4,0,2,5,3,5,5,5,1,0,2,3,1,18,2,1,2
R_1Fll6JsT2iLL2we,10,10,2,5,2,4,2,2,3,3,0,1,0,1,18,2,1,2
R_20SBV24BMHBGtXf,3,3,2,5,0,1,1,5,0,2,2,4,0,0,29,2,2,7
R_20SBV24BMHBGtXf,8,8,1,5,3,3,1,2,0,2,4,4,0,1,29,2,2,7
R_20SBV24BMHBGtXf,11,11,2,3,2,2,1,5,1,2,2,4,0,0,29,2,2,7
R_1oA3obhd76kDLvu,2,2,1,1,3,4,0,4,2,2,4,5,5,1,25,1,2,6
R_1oA3obhd76kDLvu,5,5,3,2,1,4,1,3,3,3,4,1,4,1,25,1,2,6
R_1oA3obhd76kDLvu,7,7,4,4,4,2,5,5,3,0,2,0,1,0,25,1,2,6
R_dg7BmQy1TBiZnKp,1,1,0,5,4,1,0,2,1,5,5,1,2,1,36,2,2,8
R_dg7BmQy1TBiZnKp,8,8,3,3,5,2,2,3,1,2,4,0,0,1,36,2,2,8
R_dg7BmQy1TBiZnKp,11,11,4,0,3,0,1,4,3,3,3,1,2,1,36,2,2,8
R_1EYbnEz88RQFnKc,3,3,3,4,5,3,1,3,1,3,3,1,1,1,18,2,1,2
R_1EYbnEz88RQFnKc,4,4,0,3,5,5,3,5,1,4,3,5,4,1,18,2,1,2
R_1EYbnEz88RQFnKc,10,10,4,5,4,4,2,2,1,5,4,1,1,1,18,2,1,2
R_3pnfx4hCOuxPCn7,2,2,1,3,4,4,0,4,1,3,5,3,4,1,23,2,2,7
R_3pnfx4hCOuxPCn7,6,6,3,3,3,3,0,2,1,3,5,2,5,1,23,2,2,7
R_3pnfx4hCOuxPCn7,9,9,4,4,3,5,0,2,1,4,5,2,5,1,23,2,2,7
R_1dujOt8Sw0SBgGn,1,1,2,4,3,2,3,2,1,5,5,4,5,1,41,2,1,6
R_1dujOt8Sw0SBgGn,9,9,2,3,2,4,3,2,1,4,5,4,5,1,41,2,1,6
R_1dujOt8Sw0SBgGn,11,11,2,2,4,1,2,4,1,5,5,5,5,1,41,2,1,6
R_3nu3od2pNpp2Qy3,4,4,1,1,5,5,1,5,4,5,1,4,3,1,31,2,2,9
R_3nu3od2pNpp2Qy3,6,6,1,5,5,5,5,5,3,2,1,1,1,1,31,2,2,9
R_3nu3od2pNpp2Qy3,10,10,4,5,1,1,5,1,1,2,4,1,1,1,31,2,2,9
R_6Vh1OjS4AjKEMqB,3,3,0,2,2,2,1,2,0,1,5,4,3,1,26,2,2,8
R_6Vh1OjS4AjKEMqB,5,5,1,5,5,5,4,5,5,0,0,0,3,0,26,2,2,8
R_6Vh1OjS4AjKEMqB,8,8,1,4,5,5,1,2,0,1,0,0,4,1,26,2,2,8
R_2zMkg7ySziA9bFg,2,2,2,5,3,3,3,4,2,3,3,3,3,1,29,2,2,8
R_2zMkg7ySziA9bFg,6,6,2,2,4,3,2,5,2,3,2,3,2,1,29,2,2,8
R_2zMkg7ySziA9bFg,7,7,4,3,5,5,3,2,1,3,3,1,4,1,29,2,2,8
R_31KtbY7wjIWzelp,3,3,3,3,2,0,0,1,0,3,3,2,2,1,18,2,1,5
R_31KtbY7wjIWzelp,4,4,0,2,3,1,1,4,4,2,2,2,3,1,18,2,1,5
R_31KtbY7wjIWzelp,10,10,5,3,1,1,2,4,1,3,4,0,1,1,18,2,1,5
R_3DvywZkvVs6T2e4,5,5,1,1,4,1,2,5,0,4,4,0,5,1,20,2,1,2
R_3DvywZkvVs6T2e4,7,7,0,5,4,4,1,2,0,3,5,0,5,1,20,2,1,2
R_3DvywZkvVs6T2e4,8,8,3,5,5,4,0,2,0,3,5,0,5,1,20,2,1,2
R_1nVKIi1ITTt0JG2,3,3,0,3,5,2,3,1,1,4,2,4,3,1,20,2,1,2
R_1nVKIi1ITTt0JG2,5,5,1,2,3,1,2,5,2,5,2,2,1,0,20,2,1,2
R_1nVKIi1ITTt0JG2,6,6,0,3,3,5,1,2,0,4,3,2,3,1,20,2,1,2
R_3KCKC5miCSygdzg,4,4,1,4,4,4,2,4,3,4,3,1,2,1,NA,2,2,6
R_3KCKC5miCSygdzg,8,6,4,5,3,4,1,1,0,3,5,2,4,1,NA,2,2,6
R_3KCKC5miCSygdzg,9,9,4,3,3,4,1,1,0,4,5,2,4,1,NA,2,2,6
R_1OrW5Vp7ZoF7UiS,1,1,2,1,4,5,2,2,4,1,1,1,1,0,30,2,2,7
R_1OrW5Vp7ZoF7UiS,3,3,2,3,4,2,1,4,1,3,2,1,2,0,30,2,2,7
R_1OrW5Vp7ZoF7UiS,10,10,2,3,3,3,3,4,2,4,2,1,3,1,30,2,2,7
R_1prGL8I4IMpLO0t,2,2,4,5,5,5,4,5,5,0,0,0,0,0,34,1,2,9
R_1prGL8I4IMpLO0t,7,7,2,5,5,5,2,3,3,2,0,3,1,0,34,1,2,9
R_1prGL8I4IMpLO0t,11,11,0,5,5,5,0,0,0,4,0,4,4,1,34,1,2,9
R_3VgluSw8LBVgC2J,2,2,3,3,3,5,2,1,2,4,4,4,2,1,18,1,1,2
R_3VgluSw8LBVgC2J,5,5,4,0,5,1,3,4,4,4,3,1,2,1,18,1,1,2
R_3VgluSw8LBVgC2J,7,7,2,5,2,2,4,3,1,0,3,1,0,0,18,1,1,2
R_25MeFwkmXQNxZi2,4,4,0,0,2,0,0,3,1,2,2,0,2,0,21,2,1,5
R_25MeFwkmXQNxZi2,8,8,0,0,2,0,0,0,0,5,5,0,5,1,21,2,1,5
R_25MeFwkmXQNxZi2,10,10,1,0,2,0,0,0,0,5,5,0,5,1,21,2,1,5
R_10AjnylWMaRxAqW,6,6,2,5,3,4,3,5,3,2,2,1,0,0,18,2,1,2
R_10AjnylWMaRxAqW,9,9,1,4,2,3,3,4,3,2,2,1,2,1,18,2,1,2
R_10AjnylWMaRxAqW,11,11,1,4,1,2,3,4,3,3,3,4,2,1,18,2,1,2
R_1ILrsn0Pw1DrRUK,1,1,3,3,3,4,3,3,2,3,3,1,4,1,23,2,1,2
R_1ILrsn0Pw1DrRUK,6,6,3,5,3,4,3,5,2,3,2,1,1,1,23,2,1,2
R_1ILrsn0Pw1DrRUK,10,10,3,5,3,4,3,5,2,3,2,1,4,1,23,2,1,2
R_3hyIGw8nmvtmUPw,1,1,4,3,5,5,2,3,2,4,2,4,3,1,29,1,2,9
R_3hyIGw8nmvtmUPw,2,2,2,5,2,4,4,4,4,4,3,5,2,0,29,1,2,9
R_3hyIGw8nmvtmUPw,8,8,5,4,3,3,0,1,1,4,4,3,4,1,29,1,2,9
R_ah3mto9OZMNdhdv,1,1,2,5,1,1,2,3,2,1,4,2,2,1,18,2,1,2
R_ah3mto9OZMNdhdv,7,7,5,3,3,1,2,3,2,0,4,2,1,0,18,2,1,2
R_ah3mto9OZMNdhdv,9,9,2,3,2,3,2,3,2,1,4,2,2,1,18,2,1,2
R_1eIsjakNDIsHPko,3,3,4,2,3,5,3,1,1,3,3,2,2,1,19,1,1,2
R_1eIsjakNDIsHPko,4,4,1,5,5,5,1,4,2,5,5,5,3,1,19,1,1,2
R_1eIsjakNDIsHPko,6,6,2,3,5,5,2,2,1,4,4,1,3,0,19,1,1,2
R_3NDw33HOT4xlaSG,2,2,1,5,2,5,5,5,4,2,3,4,1,0,22,1,1,6
R_3NDw33HOT4xlaSG,8,8,0,4,3,4,1,1,0,4,3,2,3,1,22,1,1,6
R_3NDw33HOT4xlaSG,11,11,0,1,1,1,5,3,0,4,3,3,3,1,22,1,1,6
R_1gBJsLlMEZneXvD,1,1,4,2,3,2,1,3,2,1,3,2,3,1,19,2,1,5
R_1gBJsLlMEZneXvD,5,5,0,1,2,2,4,5,3,1,3,2,2,0,19,2,1,5
R_1gBJsLlMEZneXvD,10,10,0,4,1,2,4,3,1,1,3,2,1,0,19,2,1,5
R_233pTigIJUhwzUC,3,3,5,2,3,4,4,3,3,2,1,1,3,0,21,1,2,6
R_233pTigIJUhwzUC,8,8,4,5,2,3,1,2,1,1,2,1,3,0,21,1,2,6
R_233pTigIJUhwzUC,9,9,4,1,3,5,2,4,2,5,4,0,1,1,21,1,2,6
R_eas3clI1Xk2Kzmx,2,2,5,3,5,1,1,5,2,3,4,3,5,1,44,2,2,6
R_eas3clI1Xk2Kzmx,7,7,5,4,5,3,3,4,2,3,4,5,4,1,44,2,2,6
R_eas3clI1Xk2Kzmx,10,10,5,5,0,5,5,1,2,3,1,0,4,1,44,2,2,6
R_2UbjMsi9uToMpnF,4,4,3,4,4,3,1,5,4,3,4,1,1,0,20,2,1,5
R_2UbjMsi9uToMpnF,6,6,4,4,5,3,2,2,2,3,2,2,3,1,20,2,1,5
R_2UbjMsi9uToMpnF,11,11,2,3,3,3,2,3,1,3,3,3,2,1,20,2,1,5
R_3Jnssp738kSaqJj,1,1,1,5,5,4,2,3,1,4,4,1,2,1,21,1,2,6
R_3Jnssp738kSaqJj,8,8,1,3,2,2,1,1,1,4,4,5,4,1,21,1,2,6
R_3Jnssp738kSaqJj,11,11,1,4,4,3,1,2,1,4,4,5,3,1,21,1,2,6
R_WpagUUBYO6krubD,2,2,0,5,2,5,3,5,5,4,3,5,4,1,29,2,1,3
R_WpagUUBYO6krubD,5,5,2,3,5,2,3,5,5,3,1,0,2,0,29,2,1,3
R_WpagUUBYO6krubD,10,10,5,5,5,2,5,5,3,0,1,0,0,0,29,2,1,3
R_1jrzsob5C4CSJcg,3,3,2,2,3,3,2,3,3,3,4,2,3,1,20,2,1,NA
R_1jrzsob5C4CSJcg,4,4,3,3,3,3,3,2,2,3,3,3,3,1,20,2,1,NA
R_1jrzsob5C4CSJcg,7,7,4,2,4,2,3,3,4,2,3,3,2,1,20,2,1,NA
R_22XIOqqo77mr1fg,1,1,1,1,2,2,2,2,2,3,2,2,2,1,23,2,4,8
R_22XIOqqo77mr1fg,5,3,2,2,2,2,2,2,1,2,1,2,1,0,23,2,4,8
R_22XIOqqo77mr1fg,11,6,2,2,2,2,2,3,3,0,3,2,3,0,23,2,4,8
R_1DNAp6X6YNvvB4t,3,3,2,0,3,3,1,3,2,3,2,3,3,1,29,1,2,9
R_1DNAp6X6YNvvB4t,6,6,1,0,5,5,1,4,2,4,0,1,3,1,29,1,2,9
R_1DNAp6X6YNvvB4t,7,7,3,5,1,2,3,4,3,1,3,1,3,0,29,1,2,9
R_qLqzTd0a7eIbPdn,2,2,0,3,4,5,0,4,1,5,3,4,3,1,31,1,2,7
R_qLqzTd0a7eIbPdn,5,5,0,3,5,5,1,5,2,5,3,2,2,1,31,1,2,7
R_qLqzTd0a7eIbPdn,8,8,3,5,3,3,3,2,1,1,3,0,0,0,31,1,2,7
R_3MhcCA4WhMPMvZd,4,4,0,0,5,5,0,4,0,4,4,4,5,1,26,2,1,3
R_3MhcCA4WhMPMvZd,6,6,4,5,4,3,3,4,2,0,0,0,0,0,26,2,1,3
R_3MhcCA4WhMPMvZd,10,10,5,3,3,3,3,4,1,1,2,0,0,0,26,2,1,3
R_ymZ37RFxlY4VjLb,1,1,0,1,4,1,1,2,1,5,4,4,3,1,26,2,2,6
R_ymZ37RFxlY4VjLb,8,8,3,2,0,3,1,1,1,3,2,2,1,0,26,2,2,6
R_ymZ37RFxlY4VjLb,11,11,1,3,3,1,1,3,2,5,4,5,4,1,26,2,2,6
R_w0gY6bd8CiDaIKZ,2,2,0,1,4,4,2,4,3,4,4,0,1,1,21,2,1,5
R_w0gY6bd8CiDaIKZ,7,7,0,4,2,2,5,4,4,0,1,0,0,0,21,2,1,5
R_w0gY6bd8CiDaIKZ,9,9,5,2,4,5,1,4,4,4,4,0,2,1,21,2,1,5
R_1MXUL5xfLOnDIGv,2,2,0,2,0,3,0,5,3,5,4,2,4,1,21,1,2,6
R_1MXUL5xfLOnDIGv,3,3,3,3,3,2,2,1,2,3,3,2,2,0,21,1,2,6
R_1MXUL5xfLOnDIGv,6,6,5,0,5,5,0,4,0,4,2,0,1,1,21,1,2,6
R_1E1eEifbQi5J9qe,4,4,0,2,4,3,2,4,3,4,2,1,3,1,25,2,2,6
R_1E1eEifbQi5J9qe,8,8,3,4,3,3,4,3,3,3,3,2,3,1,25,2,2,6
R_1E1eEifbQi5J9qe,10,10,5,4,3,4,3,3,3,3,4,2,2,1,25,2,2,6
R_1IEhwxD60h63CYR,1,1,2,3,4,3,1,3,1,3,4,4,4,1,22,2,1,6
R_1IEhwxD60h63CYR,5,5,1,1,4,3,1,4,1,3,4,3,4,1,22,2,1,6
R_1IEhwxD60h63CYR,9,9,4,3,5,4,1,2,1,3,4,3,4,1,22,2,1,6
R_8oYvsJqRk2rkf7P,3,3,0,4,5,4,1,3,1,4,4,3,4,1,25,2,2,7
R_8oYvsJqRk2rkf7P,7,7,0,4,5,4,1,3,1,4,4,3,4,1,25,2,2,7
R_8oYvsJqRk2rkf7P,11,11,0,4,5,4,1,3,1,4,4,3,4,1,25,2,2,7
R_1jjFhsmkdDJmekD,1,1,3,1,5,5,1,4,2,4,2,1,2,1,18,1,1,5
R_1jjFhsmkdDJmekD,2,2,1,5,3,4,1,2,1,3,2,4,3,1,18,1,1,5
R_1jjFhsmkdDJmekD,8,8,1,4,4,4,1,4,4,3,2,1,2,0,18,1,1,5
R_1itCMfFp8XAOHFY,5,5,1,2,3,3,3,5,2,4,4,1,1,1,19,2,1,5
R_1itCMfFp8XAOHFY,7,7,1,4,1,2,1,1,1,3,4,1,2,1,19,2,1,5
R_1itCMfFp8XAOHFY,9,9,3,2,4,5,1,3,1,5,5,1,1,1,19,2,1,5
